-- MySQL dump 10.13  Distrib 5.7.17, for Win64 (x86_64)
--
-- Host: localhost    Database: enprosyst
-- ------------------------------------------------------
-- Server version	5.5.5-10.1.22-MariaDB

/*!40101 SET @OLD_CHARACTER_SET_CLIENT=@@CHARACTER_SET_CLIENT */;
/*!40101 SET @OLD_CHARACTER_SET_RESULTS=@@CHARACTER_SET_RESULTS */;
/*!40101 SET @OLD_COLLATION_CONNECTION=@@COLLATION_CONNECTION */;
/*!40101 SET NAMES utf8 */;
/*!40103 SET @OLD_TIME_ZONE=@@TIME_ZONE */;
/*!40103 SET TIME_ZONE='+00:00' */;
/*!40014 SET @OLD_UNIQUE_CHECKS=@@UNIQUE_CHECKS, UNIQUE_CHECKS=0 */;
/*!40014 SET @OLD_FOREIGN_KEY_CHECKS=@@FOREIGN_KEY_CHECKS, FOREIGN_KEY_CHECKS=0 */;
/*!40101 SET @OLD_SQL_MODE=@@SQL_MODE, SQL_MODE='NO_AUTO_VALUE_ON_ZERO' */;
/*!40111 SET @OLD_SQL_NOTES=@@SQL_NOTES, SQL_NOTES=0 */;

--
-- Table structure for table `jobs`
--

DROP TABLE IF EXISTS `jobs`;
/*!40101 SET @saved_cs_client     = @@character_set_client */;
/*!40101 SET character_set_client = utf8 */;
CREATE TABLE `jobs` (
  `jobautoid` int(11) NOT NULL AUTO_INCREMENT,
  `jobid` varchar(100) DEFAULT NULL,
  `jobname` varchar(200) DEFAULT NULL,
  `jobclientname` varchar(200) DEFAULT NULL,
  `jobdeliverydate` datetime DEFAULT NULL,
  `modifiedby` int(11) DEFAULT NULL,
  `modifieddate` datetime DEFAULT CURRENT_TIMESTAMP ON UPDATE CURRENT_TIMESTAMP,
  `jobstatus` int(11) DEFAULT NULL,
  `completiondate` datetime DEFAULT NULL,
  PRIMARY KEY (`jobautoid`),
  KEY `fk_job_modifiedby_idx` (`modifiedby`),
  CONSTRAINT `fk_job_modifiedby` FOREIGN KEY (`modifiedby`) REFERENCES `users` (`userid`) ON DELETE NO ACTION ON UPDATE NO ACTION
) ENGINE=InnoDB AUTO_INCREMENT=126 DEFAULT CHARSET=latin1;
/*!40101 SET character_set_client = @saved_cs_client */;

--
-- Dumping data for table `jobs`
--

LOCK TABLES `jobs` WRITE;
/*!40000 ALTER TABLE `jobs` DISABLE KEYS */;
INSERT INTO `jobs` VALUES (1,'J201','J201_Tue Sep 06 09:49:04 IST 2016_HECTOR BEVERAGES PVT. LTD._null','HECTOR BEVERAGES PVT. LTD.','2016-04-09 00:00:00',1,'2016-09-06 09:49:04',2,'2017-11-01 10:00:10'),(2,'J202','J202_Tue Sep 06 09:50:16 IST 2016_MAX V REFRIGERATION_null','MAX V REFRIGERATION','2016-04-23 00:00:00',1,'2016-09-06 09:50:16',2,'2016-11-11 09:35:30'),(3,'J203','J203_Tue Sep 06 09:51:34 IST 2016_JAGDALE INDUSTRIES PVT. LTD._null','JAGDALE INDUSTRIES PVT. LTD.','2016-04-08 00:00:00',1,'2016-09-06 09:51:34',2,'2016-10-17 12:34:22'),(4,'J204','J204_Tue Sep 06 09:52:50 IST 2016_AGRILA GREENTEK_null','AGRILA GREENTEK','2016-05-09 00:00:00',1,'2016-09-06 09:52:50',2,'2016-10-17 12:57:37'),(5,'J205','J205_Tue Sep 06 09:54:06 IST 2016_NORTHEAST BEVERAGES_null','NORTHEAST BEVERAGES','2016-05-08 00:00:00',1,'2016-09-06 09:54:06',2,'2016-10-23 10:46:11'),(6,'J206','J206_Tue Sep 06 09:54:53 IST 2016_JAGDALE INDUSTRIES PVT. LTD._null','JAGDALE INDUSTRIES PVT. LTD.','2016-05-27 00:00:00',1,'2016-09-06 09:54:53',2,'2016-10-23 12:10:49'),(7,'J207','J207_Tue Sep 06 09:57:29 IST 2016_GMR INDUSTRIES (GH) LTD._null','GMR INDUSTRIES (GH) LTD.','2016-06-13 00:00:00',1,'2016-09-06 09:57:29',1,'2016-10-23 12:13:18'),(8,'J208','J208_Tue Sep 06 09:58:46 IST 2016_MILKMAX ENGINEERS_null','MILKMAX ENGINEERS','2016-06-01 00:00:00',1,'2016-09-06 09:58:46',2,'2016-10-23 12:34:35'),(9,'J209','J209_Tue Sep 06 09:59:36 IST 2016_NORTHEAST BEVERAGES_null','NORTHEAST BEVERAGES','2016-06-04 00:00:00',1,'2016-09-06 09:59:36',2,'2016-10-23 13:09:15'),(10,'J210','J210_Tue Sep 06 10:00:44 IST 2016_METRO FOOD & BEVERAGES_null','METRO FOOD & BEVERAGES','2016-06-10 00:00:00',1,'2016-09-06 10:00:44',2,'2016-10-23 13:11:42'),(11,'J211','J211_Tue Sep 06 10:01:29 IST 2016_AGRILA GREENTEK_null','AGRILA GREENTEK','2016-07-08 00:00:00',1,'2016-09-06 10:01:29',2,'2016-10-23 13:12:34'),(12,'J212','J212_Tue Sep 06 10:02:41 IST 2016_DAILY FRESH FRUIT PVT. LTD._null','DAILY FRESH FRUIT PVT. LTD.','2016-06-12 00:00:00',1,'2016-09-06 10:02:41',2,'2016-10-23 13:13:11'),(13,'J213','J213_Tue Sep 06 10:03:24 IST 2016_MAX V REFRIGERATION_null','MAX V REFRIGERATION','2016-07-18 00:00:00',1,'2016-09-06 10:03:24',2,'2016-10-23 13:16:41'),(14,'J214','J214_Tue Sep 06 10:04:01 IST 2016_GMR INDUSTRIES (GH) LTD._null','GMR INDUSTRIES (GH) LTD.','2016-07-10 00:00:00',1,'2016-09-06 10:04:01',2,'2016-10-23 13:17:13'),(15,'J215','J215_Tue Sep 06 10:05:01 IST 2016_HECTOR BEVERAGES PVT. LTD._null','HECTOR BEVERAGES PVT. LTD.','2016-07-25 00:00:00',1,'2016-09-06 10:05:01',2,'2016-10-23 13:17:46'),(16,'J216','J216_Tue Sep 06 10:05:59 IST 2016_METRO FOOD & BEVERAGES_null','METRO FOOD & BEVERAGES','2016-07-18 00:00:00',1,'2016-09-06 10:05:59',2,'2016-10-23 13:18:14'),(17,'J217','J217_Tue Sep 06 10:07:08 IST 2016_HECTOR BEVERAGES PVT. LTD._null','HECTOR BEVERAGES PVT. LTD.','2016-07-20 00:00:00',1,'2016-09-06 10:07:08',2,'2016-10-23 13:18:52'),(18,'J218','J218_Tue Sep 06 10:07:45 IST 2016_AGRILA GREENTEK_null','AGRILA GREENTEK','2016-08-19 00:00:00',1,'2016-09-06 10:07:45',2,'2016-10-23 13:19:32'),(19,'J219','J219_Sun Sep 04 18:33:10 IST 2016_JAI SAT ENGINEERS_null','JAI SAT ENGINEERS','2016-09-20 00:00:00',1,'2017-02-05 11:28:30',2,'2017-03-05 16:22:05'),(20,'J220','J220_Sun Sep 04 19:08:07 IST 2016_JAI SAT ENGINEERS_null','JAI SAT ENGINEERS','2016-09-04 00:00:00',1,'2016-09-04 19:08:07',2,'2017-03-05 16:22:34'),(21,'J221','J221_Tue Sep 06 10:09:43 IST 2016_TRINITY FRUCTA LIMITED_null','TRINITY FRUCTA LIMITED','2016-09-10 00:00:00',1,'2016-09-06 10:09:43',2,'2016-10-23 14:22:10'),(22,'J222','J222_Wed Sep 07 10:52:50 IST 2016_JAGDALE INDUSTRIES PVT. LTD._null','JAGDALE INDUSTRIES PVT. LTD.','2016-09-14 00:00:00',1,'2016-09-07 10:52:50',2,'2016-10-23 14:26:00'),(23,'J223','J223_Sun Sep 25 13:29:28 IST 2016_METRO FOOD & BEVERAGES_null','METRO FOOD & BEVERAGES','2016-09-23 00:00:00',1,'2016-09-25 13:29:28',0,NULL),(24,'J224','J224_Sun Sep 25 13:32:38 IST 2016_TRINITY FRUCTA LIMITED_null','TRINITY FRUCTA LIMITED','2016-09-24 00:00:00',1,'2016-09-25 13:32:38',2,'2016-10-23 14:26:40'),(25,'J225','J225_Sun Oct 02 16:26:53 IST 2016_JAGDALE INDUSTRIES PVT. LTD._null','JAGDALE INDUSTRIES PVT. LTD.','2016-11-15 00:00:00',1,'2016-10-02 16:26:53',1,NULL),(26,'J226','J226_Sun Oct 02 16:27:47 IST 2016_KHUSBOO PRODUCTS_null','KHUSBOO PRODUCTS','2016-11-15 00:00:00',1,'2016-10-02 16:27:47',2,'2017-03-31 11:19:01'),(27,'J227','J227_Sun Oct 02 16:28:26 IST 2016_C. G. FOODS PVT. LTD._null','C. G. FOODS PVT. LTD.','2016-10-16 00:00:00',1,'2016-10-02 16:28:26',2,'2016-12-25 17:36:23'),(28,'J228','J228_Tue Nov 29 09:35:15 IST 2016_HECTOR BEVERAGES PVT. LTD._null','HECTOR BEVERAGES PVT. LTD.','2016-11-30 00:00:00',1,'2016-11-29 09:35:15',2,'2017-03-31 11:19:25'),(29,'J229','J229_Tue Nov 29 09:36:24 IST 2016_TVK BEVERAGES PVT. LTD._null','TVK BEVERAGES PVT. LTD.','2016-12-30 00:00:00',1,'2016-11-29 09:36:24',2,'2017-03-31 11:19:58'),(30,'J230','J230_Tue Nov 29 09:38:30 IST 2016_DEVDAYA DAIRY PRODUCTS_null','DEVDAYA DAIRY PRODUCTS','2017-01-07 00:00:00',1,'2016-11-29 09:38:30',1,NULL),(31,'J231','J231_Fri Dec 23 11:00:43 IST 2016_TRINITY FRUCTA LIMITED_null','TRINITY FRUCTA LIMITED','2016-12-30 00:00:00',1,'2016-12-23 11:00:43',2,'2016-12-25 17:37:02'),(32,'J232','J232_Fri Dec 23 11:02:21 IST 2016_JAGDALE INDUSTRIES PVT. LTD._null','JAGDALE INDUSTRIES PVT. LTD.','2016-12-27 00:00:00',1,'2016-12-23 11:02:21',2,'2017-03-31 11:20:30'),(33,'J233','J233_Fri Jan 13 10:28:23 IST 2017_TVK BEVERAGES PVT. LTD._null','TVK BEVERAGES PVT. LTD.','2017-02-07 00:00:00',1,'2017-01-13 10:28:23',2,'2017-03-05 16:23:49'),(34,'J234','J234_Fri Jan 13 10:29:50 IST 2017_JAGDALE INDUSTRIES PVT. LTD._null','JAGDALE INDUSTRIES PVT. LTD.','2017-01-20 00:00:00',1,'2017-01-13 10:29:50',2,'2017-03-05 16:24:13'),(35,'J235','J235_Fri Jan 13 10:30:49 IST 2017_SPECTRA INTERNATIONAL PVT. LTD._null','SPECTRA INTERNATIONAL PVT. LTD.','2017-01-27 00:00:00',1,'2017-01-13 10:30:49',2,'2017-02-05 11:02:29'),(36,'J236','J236_Fri Jan 13 10:31:51 IST 2017_TRINITY FRUCTA LIMITED_null','TRINITY FRUCTA LIMITED','2017-01-21 00:00:00',1,'2017-01-13 10:31:51',2,'2017-11-21 15:24:16'),(37,'J237','J237_Fri Jan 13 10:33:22 IST 2017_JAGDALE INDUSTRIES PVT. LTD._null','JAGDALE INDUSTRIES PVT. LTD.','2017-01-23 00:00:00',1,'2017-01-13 10:33:22',2,'2017-02-05 11:04:13'),(38,'J238','J238_Fri Jan 13 10:34:03 IST 2017_JAGDALE INDUSTRIES PVT. LTD._null','JAGDALE INDUSTRIES PVT. LTD.','2017-01-14 00:00:00',1,'2017-01-13 10:34:03',2,'2017-04-22 11:56:25'),(39,'J239','J239_Fri Jan 13 10:35:02 IST 2017_TIFOSI FOODS PVT. LTD._null','TIFOSI FOODS PVT. LTD.','2017-01-31 00:00:00',1,'2017-01-13 10:35:02',2,'2017-11-21 15:25:12'),(40,'J240','J240_Wed Jan 25 10:40:09 IST 2017_KHUSHBOO PRODUCTS_null','KHUSHBOO PRODUCTS','2017-01-28 00:00:00',1,'2017-01-25 10:40:09',2,'2017-02-05 11:20:10'),(41,'J241','J241_Wed Jan 25 10:41:57 IST 2017_VAMAA DAIRY PVT. LTD._null','VAMAA DAIRY PVT. LTD.','2017-03-08 00:00:00',1,'2017-01-25 10:41:57',2,'2017-11-21 15:25:48'),(42,'J242','J242_Fri Jan 27 16:03:05 IST 2017_ANNAPURNA FOOD & BEVERAGES_null','ANNAPURNA FOOD & BEVERAGES','2017-01-31 00:00:00',1,'2017-01-27 16:03:05',2,'2017-02-05 11:03:23'),(43,'J243','J243_Wed Jan 25 10:42:44 IST 2017_KOYANA SAHAKARI DUDH UTPADAK SANGH_null','KOYANA SAHAKARI DUDH UTPADAK SANGH','2017-02-09 00:00:00',1,'2017-01-25 10:42:44',2,'2017-01-27 11:18:35'),(44,'J244','J244_Wed Jan 25 10:43:39 IST 2017_TRINITY FRUCTA LIMITED_null','TRINITY FRUCTA LIMITED','2017-02-03 00:00:00',1,'2017-01-25 10:43:39',1,NULL),(45,'J245','J245_Sun Feb 05 09:46:47 IST 2017_HELIX CONVERTERS_null','HELIX CONVERTERS','2017-02-22 00:00:00',1,'2017-02-05 09:46:47',2,'2017-03-31 11:21:16'),(46,'J246','J246_Wed Feb 08 11:36:41 IST 2017_NORTHEAST BEVERAGES_null','NORTHEAST BEVERAGES','2017-02-08 00:00:00',1,'2017-02-08 11:36:41',2,'2017-03-31 11:21:36'),(47,'J247','J247_Fri Feb 17 15:47:10 IST 2017_BRINDAVAN BOTTELERS PVT. LTD._null','BRINDAVAN BOTTELERS PVT. LTD.','2017-02-24 00:00:00',1,'2017-02-17 15:47:10',2,'2017-04-22 11:55:55'),(48,'J248','J248_Fri Feb 17 15:47:42 IST 2017_VAMAA DAIRY PVT. LTD._null','VAMAA DAIRY PVT. LTD.','2017-02-25 00:00:00',1,'2017-02-17 15:47:42',2,'2017-03-31 11:22:36'),(49,'J249','J249_Sun Mar 05 10:54:04 IST 2017_METRO FOOD & BEVERAGES_null','METRO FOOD & BEVERAGES','2017-03-10 00:00:00',1,'2017-03-05 10:54:04',2,'2017-03-31 11:22:55'),(50,'J250','J250_Sun Mar 05 10:55:35 IST 2017_HECTOR BEVERAGES PVT. LTD._null','HECTOR BEVERAGES PVT. LTD.','2017-03-13 00:00:00',1,'2017-03-05 10:55:35',2,'2017-03-31 11:23:13'),(51,'J251','J251_Wed Mar 15 14:45:29 IST 2017_HECTOR BEVERAGES PVT. LTD._null','HECTOR BEVERAGES PVT. LTD.','2017-03-17 00:00:00',1,'2017-03-15 14:45:29',2,'2017-03-31 11:23:33'),(52,'J252','J252_Wed Mar 15 14:46:41 IST 2017_JAGDALE INDUSTRIES PVT. LTD._null','JAGDALE INDUSTRIES PVT. LTD.','2017-03-22 00:00:00',1,'2017-03-15 14:46:41',2,'2017-04-22 11:53:50'),(53,'J253','J253_Mon Mar 20 15:01:02 IST 2017_HEXAGON FOOD & BEVERAGES_null','HEXAGON FOOD & BEVERAGES','2017-04-30 00:00:00',1,'2017-03-20 15:01:02',1,NULL),(54,'J254','J254_Mon Mar 20 15:01:35 IST 2017_HECTOR BEVERAGES PVT. LTD._null','HECTOR BEVERAGES PVT. LTD.','2017-03-31 00:00:00',1,'2017-03-20 15:01:35',2,'2017-04-22 11:55:09'),(55,'J255','J255_Mon Mar 27 17:11:59 IST 2017_NORTHEAST BEVERAGES_null','NORTHEAST BEVERAGES','2017-03-27 00:00:00',1,'2017-03-27 17:11:59',2,'2017-03-31 11:23:51'),(56,'J256','J256_Tue Mar 21 16:16:17 IST 2017_JAI SAT ENGINEERS_null','JAI SAT ENGINEERS','2017-03-21 00:00:00',1,'2017-03-21 16:16:17',2,'2017-11-21 15:26:37'),(57,'J257','J257_Fri Mar 24 14:30:49 IST 2017_JAI SAT ENGINEERS_null','JAI SAT ENGINEERS','2017-03-25 00:00:00',1,'2017-03-24 14:30:49',2,'2017-11-21 15:27:29'),(58,'J301','J301_Mon Apr 03 15:15:52 IST 2017_JAI SAT ENGINEERS_null','JAI SAT ENGINEERS','2017-04-24 00:00:00',1,'2017-04-03 15:15:52',2,'2017-04-22 11:53:05'),(59,'J302','J302_Mon Apr 17 16:05:45 IST 2017_METRO FOOD & BEVERAGES_null','METRO FOOD & BEVERAGES','2017-04-17 00:00:00',1,'2017-04-17 16:05:45',2,'2017-11-21 15:28:09'),(60,'J303','J303_Fri May 19 16:33:30 IST 2017_NORTHEAST BEVERAGES_null','NORTHEAST BEVERAGES','2017-05-19 00:00:00',1,'2017-05-19 16:33:30',2,'2017-11-21 15:28:40'),(61,'J304','J304_Fri May 26 10:44:27 IST 2017_DEVSARIYA FOOD PRODUCT_null','DEVSARIYA FOOD PRODUCT','2017-06-27 00:00:00',1,'2017-05-26 10:44:27',2,'2017-11-21 15:30:09'),(62,'J305','J305_Sun Jul 30 09:59:05 IST 2017_HECTOR BEVERAGES PVT. LTD._null','HECTOR BEVERAGES PVT. LTD.','2017-08-01 00:00:00',1,'2017-07-30 09:59:05',2,'2017-11-21 15:32:20'),(63,'J306','J306_Sun Jul 30 09:58:35 IST 2017_JAGDALE INDUSTRIES PVT. LTD._null','JAGDALE INDUSTRIES PVT. LTD.','2017-08-02 00:00:00',1,'2017-07-30 09:58:35',2,'2017-11-21 15:33:02'),(64,'J307','J307_Sun Jul 30 10:02:04 IST 2017_METRO FOOD & BEVERAGES_null','METRO FOOD & BEVERAGES','2017-08-02 00:00:00',1,'2017-07-30 10:02:04',2,'2017-11-21 15:33:36'),(65,'J308','J308_Sun Jul 30 10:02:31 IST 2017_HEXAGON FOOD & BEVERAGES_null','HEXAGON FOOD & BEVERAGES','2017-07-07 00:00:00',1,'2017-07-30 10:02:31',2,'2017-11-21 15:34:10'),(66,'J309','J309_Mon Jul 31 15:53:27 IST 2017_MECHATRONICS ASIA_null','MECHATRONICS ASIA','2017-08-01 00:00:00',1,'2017-07-31 15:53:27',2,'2017-11-21 15:34:41'),(67,'J310','J310_Sat Aug 05 15:32:41 IST 2017_SYNERGY ENGINEERS_null','SYNERGY ENGINEERS','2017-08-08 00:00:00',1,'2017-08-05 15:32:41',2,'2017-11-21 15:35:13'),(68,'J311','J311_Sat Aug 05 15:38:32 IST 2017_VAMAA DAIRY_null','VAMAA DAIRY','2017-08-06 00:00:00',1,'2017-08-05 15:38:32',2,'2017-11-21 15:35:45'),(69,'J312','J312_Sat Aug 05 15:37:04 IST 2017_ASEPTIC FABRIKON_null','ASEPTIC FABRIKON','2017-08-06 00:00:00',1,'2017-08-05 15:37:04',0,NULL),(70,'J313','J313_Sat Aug 05 15:38:09 IST 2017_NUTRIVALUE FOODS PVT. LTD._null','NUTRIVALUE FOODS PVT. LTD.','2017-08-19 00:00:00',1,'2017-08-05 15:38:09',1,NULL),(71,'J314','J314_Wed Aug 16 15:41:36 IST 2017_ASEPTIC FABRIKON_null','ASEPTIC FABRIKON','2017-08-19 00:00:00',1,'2017-08-16 15:41:36',0,NULL),(72,'J315','J315_Wed Aug 16 15:39:01 IST 2017_MECHATRONICS ASIA_null','MECHATRONICS ASIA','2017-08-18 00:00:00',1,'2017-08-16 15:39:01',2,'2017-11-21 15:36:45'),(73,'J316','J316_Fri Aug 18 11:44:31 IST 2017_VAMAA DAIRY PVT. LTD._null','VAMAA DAIRY PVT. LTD.','2017-08-20 00:00:00',1,'2017-08-18 11:44:31',0,NULL),(74,'J317','J317_Fri Aug 18 11:44:46 IST 2017_ASEPTIC FABRIKON_null','ASEPTIC FABRIKON','2017-08-19 00:00:00',1,'2017-08-18 11:44:46',2,'2017-11-21 15:39:29'),(75,'J318','J318_Fri Sep 01 13:58:56 IST 2017_METRO FOOD & BEVERAGES_null','METRO FOOD & BEVERAGES','2017-09-04 00:00:00',1,'2017-09-01 13:58:56',2,'2017-11-21 15:23:08'),(76,'J319','J319_Wed Sep 06 16:39:54 IST 2017_ASEPTIC FABRIKON_null','ASEPTIC FABRIKON','2017-09-14 00:00:00',1,'2017-09-06 16:39:54',0,NULL),(77,'J320','J320_Fri Sep 08 09:51:21 IST 2017_METRO FOOD & BEVERAGES_null','METRO FOOD & BEVERAGES','2017-09-13 00:00:00',1,'2017-09-08 09:51:21',2,'2017-11-21 15:22:13'),(78,'J321','J321_Fri Sep 08 14:16:23 IST 2017_METRO FOOD & BEVERAGES_null','METRO FOOD & BEVERAGES','2017-09-18 00:00:00',1,'2017-09-08 14:16:23',1,NULL),(79,'J322','J322_Fri Sep 08 14:17:05 IST 2017_SHREE HANUMAN STEEL INDIA_null','SHREE HANUMAN STEEL INDIA','2017-09-09 00:00:00',1,'2017-09-08 14:17:05',0,NULL),(80,'J323','J323_Tue Sep 12 09:32:06 IST 2017_ASEPTIC FABRIKON_null','ASEPTIC FABRIKON','2017-09-13 00:00:00',1,'2017-09-12 09:32:06',0,NULL),(81,'J324','J324_Fri Sep 15 16:58:19 IST 2017_METRO FOOD & BEVERAGES_null','METRO FOOD & BEVERAGES','2017-09-18 00:00:00',1,'2017-09-15 16:58:19',2,'2017-11-21 15:40:59'),(82,'J325','J325_Sat Sep 16 12:30:43 IST 2017_VAMAA DAIRY PVT. LTD._null','VAMAA DAIRY PVT. LTD.','2017-09-17 00:00:00',1,'2017-09-16 12:30:43',2,'2017-11-21 15:41:33'),(83,'J326','J326_Sun Sep 17 15:51:39 IST 2017_VAMAA DAIRY PVT. LTD._null','VAMAA DAIRY PVT. LTD.','2017-09-19 00:00:00',1,'2017-09-17 15:51:39',0,NULL),(84,'J327','J327_Sun Sep 24 10:48:56 IST 2017_JAGDALE INDUSTRIES PVT. LTD._null','JAGDALE INDUSTRIES PVT. LTD.','2017-10-02 00:00:00',1,'2017-09-24 10:48:56',2,'2017-11-21 15:09:52'),(85,'J328','J328_Sun Sep 24 10:49:16 IST 2017_JAGDALE INDUSTRIES PVT. LTD._null','JAGDALE INDUSTRIES PVT. LTD.','2017-10-02 00:00:00',1,'2017-09-24 10:49:16',2,'2017-11-21 15:11:03'),(86,'J329','J329_Sun Sep 24 10:49:37 IST 2017_JAGDALE INDUSTRIES PVT. LTD._null','JAGDALE INDUSTRIES PVT. LTD.','2017-10-02 00:00:00',1,'2017-09-24 10:49:37',2,'2017-11-21 15:11:56'),(87,'J330','J330_Fri Sep 29 12:11:43 IST 2017_SWIFT MACHINE PVT. LTD._null','SWIFT MACHINE PVT. LTD.','2017-10-07 00:00:00',1,'2017-09-29 12:11:43',0,NULL),(88,'J331','J331_Fri Sep 29 12:12:02 IST 2017_VAMAA DAIRY PVT. LTD._null','VAMAA DAIRY PVT. LTD.','2017-10-27 00:00:00',1,'2017-09-29 12:12:02',0,NULL),(89,'J332','J332_Mon Oct 09 17:19:02 IST 2017_VAMAA DAIRY PVT. LTD._null','VAMAA DAIRY PVT. LTD.','2017-10-13 00:00:00',1,'2017-10-09 17:19:02',2,'2017-11-21 15:13:41'),(90,'J333','J333_Tue Oct 24 12:00:47 IST 2017_HECTOR BEVERAGES PVT. LTD._null','HECTOR BEVERAGES PVT. LTD.','2017-10-31 00:00:00',1,'2017-10-24 12:00:47',0,NULL),(91,'J334','J334_Tue Oct 24 12:01:03 IST 2017_JAGDALE INDUSTRIES PVT. LTD._null','JAGDALE INDUSTRIES PVT. LTD.','2017-10-31 00:00:00',1,'2017-10-24 12:01:03',0,NULL),(92,'J335','J335_Sat Oct 28 10:55:13 IST 2017_C.G. FOODS PVT. LTD._null','C.G. FOODS PVT. LTD.','2017-11-04 00:00:00',1,'2017-10-28 10:55:13',1,NULL),(93,'J336','J336_Sat Oct 28 10:56:23 IST 2017_JAI SAT PACKAGING_null','JAI SAT PACKAGING','2017-12-20 00:00:00',1,'2017-10-28 10:56:23',1,NULL),(94,'J337','J337_Sat Oct 28 14:38:46 IST 2017_JAI SAT PACKAGING_null','JAI SAT PACKAGING','2017-12-20 00:00:00',1,'2017-10-28 14:38:46',0,NULL),(95,'J338','J338_Sat Nov 04 17:04:55 IST 2017_TVK BEVERAGES PRIVATE LIMITED_null','TVK BEVERAGES PRIVATE LIMITED','2017-11-25 00:00:00',1,'2017-11-04 17:04:55',0,NULL),(96,'J339','J339_Mon Nov 27 16:20:48 IST 2017_HECTOR BEVERAGES PVT. LTD._null','HECTOR BEVERAGES PVT. LTD.','2017-12-02 00:00:00',1,'2017-11-27 16:20:48',1,NULL),(97,'J340','J340_Fri Nov 17 13:57:24 IST 2017_JAGDALE INDUSTRIES PVT. LTD._null','JAGDALE INDUSTRIES PVT. LTD.','2017-11-24 00:00:00',1,'2017-11-17 13:57:24',0,NULL),(98,'J341','J341_Fri Dec 01 12:09:06 IST 2017_TRINITY FRUCTA LIMITED_null','TRINITY FRUCTA LIMITED','2017-12-04 00:00:00',1,'2017-12-01 12:09:06',0,NULL),(99,'J342','J342_Wed Nov 29 10:13:07 IST 2017_ASEPTIC FABRIKON_null','ASEPTIC FABRIKON','2017-12-02 00:00:00',1,'2017-11-29 10:13:07',0,NULL),(100,'J343','J343_Tue Nov 28 10:33:56 IST 2017_ASEPTIC FABRIKON_null','ASEPTIC FABRIKON','2017-12-05 00:00:00',1,'2017-11-28 10:33:56',0,NULL),(101,'J344','J344_Fri Dec 01 12:10:05 IST 2017_HECTOR BEVERAGES PVT. LTD._null','HECTOR BEVERAGES PVT. LTD.','2017-12-15 00:00:00',1,'2017-12-01 12:10:05',0,NULL),(102,'J345','J345_Wed Dec 06 16:01:50 IST 2017_SHREE HANUMAN STEEL INDIA_null','SHREE HANUMAN STEEL INDIA','2017-12-08 00:00:00',1,'2017-12-06 16:01:50',0,NULL),(103,'J346','J346_Fri Dec 08 10:47:06 IST 2017_JAI SAT PACKAGING_null','JAI SAT PACKAGING','2017-12-16 00:00:00',1,'2017-12-08 10:47:06',0,NULL),(104,'J347','J347_Fri Dec 29 11:37:09 IST 2017_HECTOR BEVERAGES PVT. LTD._null','HECTOR BEVERAGES PVT. LTD.','2018-01-19 00:00:00',1,'2017-12-29 11:37:09',0,NULL),(105,'J348','J348_Fri Dec 29 11:37:37 IST 2017_SHREE BALAJI STEEL HOUSE_null','SHREE BALAJI STEEL HOUSE','2017-12-29 00:00:00',1,'2017-12-29 11:37:37',0,NULL),(106,'J349','J349_Fri Jan 05 09:52:14 IST 2018_JAGDALE INDUSTRIES PVT. LTD._null','JAGDALE INDUSTRIES PVT. LTD.','2018-01-12 00:00:00',1,'2018-01-05 09:52:14',0,NULL),(107,'J350','J350_Fri Jan 12 14:16:01 IST 2018_NORTHEAST BEVERAGES_null','NORTHEAST BEVERAGES','2018-01-12 00:00:00',1,'2018-01-12 14:16:01',0,NULL),(108,'J351','J351_Fri Jan 19 14:14:56 IST 2018_HECTOR BEVERAGES PVT. LTD._null','HECTOR BEVERAGES PVT. LTD.','2018-02-15 00:00:00',1,'2018-01-19 14:14:56',0,NULL),(109,'J352','J352_Fri Jan 19 14:15:25 IST 2018_SYNERGY ENGINEERS & PROJECTS_null','SYNERGY ENGINEERS & PROJECTS','2018-02-23 00:00:00',1,'2018-01-19 14:15:25',0,NULL),(110,'J353','J353_Sat Jan 27 09:40:06 IST 2018_BLUE MARINE BOTTLING CO._null','BLUE MARINE BOTTLING CO.','2018-01-31 00:00:00',1,'2018-01-27 09:40:06',0,NULL),(111,'J354','J354_Sat Jan 27 09:37:59 IST 2018_MECHATRONICS ASIA_null','MECHATRONICS ASIA','2018-01-29 00:00:00',1,'2018-01-27 09:37:59',0,NULL),(112,'J355','J355_Mon Jan 29 11:52:50 IST 2018_HECTOR BEVERAGES PVT. LTD._null','HECTOR BEVERAGES PVT. LTD.','2018-02-28 00:00:00',1,'2018-01-29 11:52:50',0,NULL),(113,'J356','J356_Wed Feb 07 17:21:58 IST 2018_SAI AGRO (INDIA) CHEMICAL_null','SAI AGRO (INDIA) CHEMICAL','2018-02-21 00:00:00',1,'2018-02-07 17:21:58',0,NULL),(114,'J357','J357_Wed Feb 07 17:22:18 IST 2018_NORTHEAST BEVERAGES_null','NORTHEAST BEVERAGES','2018-02-16 00:00:00',1,'2018-02-07 17:22:18',0,NULL),(115,'J358','J358_Fri Feb 16 15:46:47 IST 2018_JAGDALE INDUSTRIES PVT. LTD._null','JAGDALE INDUSTRIES PVT. LTD.','2018-02-23 00:00:00',1,'2018-02-16 15:46:47',0,NULL),(116,'J359','J359_Fri Feb 16 15:47:14 IST 2018_RARE CARE_null','RARE CARE','2018-03-02 00:00:00',1,'2018-02-16 15:47:14',0,NULL),(117,'J360','J360_Sat Feb 24 10:05:08 IST 2018_VAMAA DAIRY PVT. LTD._null','VAMAA DAIRY PVT. LTD.','2018-02-28 00:00:00',1,'2018-02-24 10:05:08',0,NULL),(118,'J361','J361_Mon Mar 05 14:56:23 IST 2018_NORTHEAST BEVERAGES_null','NORTHEAST BEVERAGES','2018-03-05 00:00:00',1,'2018-03-05 14:56:23',0,NULL),(119,'J362','J362_Wed Mar 07 15:02:47 IST 2018_SWIFT MACHINE PVT. LTD._null','SWIFT MACHINE PVT. LTD.','2018-03-14 00:00:00',1,'2018-03-07 15:02:47',0,NULL),(120,'J363','J363_Fri Mar 16 14:56:44 IST 2018_PPS WATER ENGINEERS_null','PPS WATER ENGINEERS','2018-04-20 00:00:00',1,'2018-03-16 14:56:44',0,NULL),(121,'J364','J364_Wed Mar 21 12:01:48 IST 2018_PPS WATER ENGINEERS_null','PPS WATER ENGINEERS','2018-03-23 00:00:00',1,'2018-03-21 12:01:48',0,NULL),(122,'J999','J999_Wed Oct 24 00:00:00 IST 2018_JAI','JAI','2018-10-24 00:00:00',1,'2018-10-07 20:06:13',0,NULL),(123,'J1000','J1000_Thu Nov 22 00:00:00 IST 2018_ENPROSYST','ENPROSYST','2018-11-22 00:00:00',1,'2018-11-09 22:22:30',0,NULL),(124,'J1001','J1001_Wed Nov 14 00:00:00 IST 2018_ENPROSYST1','ENPROSYST1','2018-11-14 00:00:00',1,'2018-11-09 22:30:36',0,NULL),(125,'J1001','J1001_Thu Nov 29 00:00:00 IST 2018_ENPROSYST','ENPROSYST','2018-11-29 00:00:00',1,'2018-11-27 00:12:52',0,NULL);
/*!40000 ALTER TABLE `jobs` ENABLE KEYS */;
UNLOCK TABLES;

--
-- Table structure for table `jobstype`
--

DROP TABLE IF EXISTS `jobstype`;
/*!40101 SET @saved_cs_client     = @@character_set_client */;
/*!40101 SET character_set_client = utf8 */;
CREATE TABLE `jobstype` (
  `jobid` int(11) NOT NULL AUTO_INCREMENT,
  `jobdescription` varchar(45) DEFAULT NULL,
  PRIMARY KEY (`jobid`)
) ENGINE=InnoDB AUTO_INCREMENT=7 DEFAULT CHARSET=latin1;
/*!40101 SET character_set_client = @saved_cs_client */;

--
-- Dumping data for table `jobstype`
--

LOCK TABLES `jobstype` WRITE;
/*!40000 ALTER TABLE `jobstype` DISABLE KEYS */;
INSERT INTO `jobstype` VALUES (1,'Regular Job'),(2,'Sub Job'),(3,'Stock Job'),(4,'Old Matrials'),(5,'Material issue'),(6,'Raise a purchase order');
/*!40000 ALTER TABLE `jobstype` ENABLE KEYS */;
UNLOCK TABLES;

--
-- Table structure for table `materialissue`
--

DROP TABLE IF EXISTS `materialissue`;
/*!40101 SET @saved_cs_client     = @@character_set_client */;
/*!40101 SET character_set_client = utf8 */;
CREATE TABLE `materialissue` (
  `materialissueid` int(11) NOT NULL AUTO_INCREMENT,
  `jobid` varchar(200) DEFAULT NULL,
  `jobtype` int(11) DEFAULT NULL,
  `materialqty` int(11) DEFAULT NULL,
  `dateofissue` datetime DEFAULT NULL,
  `modifieddate` datetime DEFAULT NULL,
  `modifiedby` int(11) DEFAULT NULL,
  `materialmappingid` int(11) DEFAULT NULL,
  PRIMARY KEY (`materialissueid`),
  KEY `fk_mat_issue_modify_idx` (`modifiedby`),
  KEY `fk_mat_issue_mapid_idx` (`materialmappingid`),
  CONSTRAINT `fk_mat_issue_mapid` FOREIGN KEY (`materialmappingid`) REFERENCES `materialsmapping` (`materialsmappingid`) ON DELETE CASCADE ON UPDATE CASCADE,
  CONSTRAINT `fk_mat_issue_modify` FOREIGN KEY (`modifiedby`) REFERENCES `users` (`userid`) ON DELETE NO ACTION ON UPDATE NO ACTION
) ENGINE=InnoDB AUTO_INCREMENT=4 DEFAULT CHARSET=latin1;
/*!40101 SET character_set_client = @saved_cs_client */;

--
-- Dumping data for table `materialissue`
--

LOCK TABLES `materialissue` WRITE;
/*!40000 ALTER TABLE `materialissue` DISABLE KEYS */;
INSERT INTO `materialissue` VALUES (1,'J201',1,5,'2018-09-07 02:21:14','2018-09-07 02:21:14',1,13),(2,'J201',1,5,'2018-09-07 02:31:26','2018-09-07 02:31:26',1,14),(3,'J201',1,5,'2018-09-07 08:11:56','2018-09-07 02:42:41',1,15);
/*!40000 ALTER TABLE `materialissue` ENABLE KEYS */;
UNLOCK TABLES;

--
-- Table structure for table `materials`
--

DROP TABLE IF EXISTS `materials`;
/*!40101 SET @saved_cs_client     = @@character_set_client */;
/*!40101 SET character_set_client = utf8 */;
CREATE TABLE `materials` (
  `materialid` int(11) NOT NULL AUTO_INCREMENT,
  `materialname` varchar(200) DEFAULT NULL,
  `total` double DEFAULT NULL,
  `reserved` double DEFAULT NULL,
  `available` double DEFAULT NULL,
  `unit` int(11) DEFAULT NULL,
  `modifiedby` int(11) DEFAULT NULL,
  `modifieddate` datetime DEFAULT NULL,
  PRIMARY KEY (`materialid`),
  KEY `fk_unit_idx` (`unit`),
  KEY `fk_mat_modifiedby_idx` (`modifiedby`),
  CONSTRAINT `fk_mat_modifiedby` FOREIGN KEY (`modifiedby`) REFERENCES `users` (`userid`) ON DELETE NO ACTION ON UPDATE NO ACTION,
  CONSTRAINT `fk_unit` FOREIGN KEY (`unit`) REFERENCES `units` (`unitid`) ON DELETE NO ACTION ON UPDATE NO ACTION
) ENGINE=InnoDB AUTO_INCREMENT=1072 DEFAULT CHARSET=latin1;
/*!40101 SET character_set_client = @saved_cs_client */;

--
-- Dumping data for table `materials`
--

LOCK TABLES `materials` WRITE;
/*!40000 ALTER TABLE `materials` DISABLE KEYS */;
INSERT INTO `materials` VALUES (2,'UNION SS304 38MM (MH)',208,184,24,1,1,'2018-09-01 09:44:08'),(3,'INSULATED TANK SS304 1000 LIT',2,0,2,1,1,'2018-08-25 00:00:00'),(4,'FLOW PLATE SS304 5 PORT',0,0,0,1,1,'2018-08-25 00:00:00'),(5,'CIP SYSTEM',0,0,0,1,1,'2018-08-25 00:00:00'),(6,'MILK PASTEURISER SYSTEM 2000LPH',0,0,0,1,1,'2018-08-25 00:00:00'),(7,'TUBULAR FILTER SS304 51MM',14,0,14,1,1,'2018-08-25 00:00:00'),(8,'FLOAT BALANCE TANK SS304 100 LIT',0,0,0,1,1,'2018-08-25 00:00:00'),(9,'FLOAT BALANCE TANK SS316 50 LIT',0,0,0,1,1,'2018-08-25 00:00:00'),(10,'HY FLOW TANK SS304 100LIT',0,0,0,1,1,'2018-08-25 00:00:00'),(11,'HY FLOW TANK SS304 50LIT',0,0,0,1,1,'2018-08-25 00:00:00'),(12,'MANHOLE SS304 DIA.402MM',5,5,0,1,1,'2018-08-25 00:00:00'),(13,'BEND SS316 38MM (SWS)',25,0,25,1,1,'2018-08-25 00:00:00'),(14,'BEND SS316 51MM (SWS)',0,0,0,1,1,'2018-08-25 00:00:00'),(15,'UNION SS316 25MM (MH)',24,16,8,1,1,'2018-08-25 00:00:00'),(16,'ROCKWOOL INSULATION 48DEN',4,0,4,1,1,'2018-08-25 00:00:00'),(17,'MS FLAT 40X5',0,0,0,2,1,'2018-08-25 00:00:00'),(18,'UNION SS316 38MM (MH)',2,2,0,1,1,'2018-08-25 00:00:00'),(19,'HEX BOLT SS304 M16X50',22,0,22,1,1,'2018-08-25 00:00:00'),(20,'HEX BOLT SS304 M12X50',13,0,13,1,1,'2018-08-25 00:00:00'),(21,'IFM PRESSURE GUAGE 1\" DIGITAL',0,0,0,1,1,'2018-08-25 00:00:00'),(22,'SILICON GASKET OD 50XID 35 3 MM THK',20,0,20,1,1,'2018-08-25 00:00:00'),(23,'SILICON GASKET OD 60XID 48 3 MM THK',20,0,20,1,1,'2018-08-25 00:00:00'),(24,'FILTER PAPER ID 43 MM OD 370 MM',0,0,0,1,1,'2018-08-25 00:00:00'),(25,'RTD SENSOR 1/4\"X100 SIMPLEX',1,1,0,1,1,'2018-08-25 00:00:00'),(26,'HEX NUT SS304 M 16',22,0,22,1,1,'2018-08-25 00:00:00'),(27,'TC CLAMP SS304 63MM',18,18,0,1,1,'2018-08-25 00:00:00'),(28,'3/2 SOLENOID VALVE 1/4\" JANTIC',0,0,0,1,1,'2018-08-25 00:00:00'),(29,'GEAR BOX 80 ALM50 PREMIUM',0,0,0,1,1,'2018-08-25 00:00:00'),(30,'GLASS TUBE OD 19X1130 L',1,1,0,1,1,'2018-08-25 00:00:00'),(31,'THERMOCOLE 1MTRX1MTRX50MM THK',100,0,100,1,1,'2018-08-25 00:00:00'),(32,'STEAM GLOBE VALVE 2 WAY 1\"',0,0,0,1,1,'2018-08-25 00:00:00'),(33,'COOLING GLOBE VALVE 3 WAY 1\"',0,0,0,1,1,'2018-08-25 00:00:00'),(34,'BEARING UCF208 NTN',0,0,0,1,1,'2018-08-25 00:00:00'),(35,'BEARING UCF209 NTN',0,0,0,1,1,'2018-08-25 00:00:00'),(36,'TC GASKET 63MM',0,0,0,1,1,'2018-08-25 00:00:00'),(37,'TC GASKET 76MM',0,0,0,1,1,'2018-08-25 00:00:00'),(38,'MS ANGLE 25X5',3,3,0,2,1,'2018-08-25 00:00:00'),(39,'MS ANGLE 40X5',69,69,0,2,1,'2018-08-25 00:00:00'),(40,'UNION SS304 25MM (MH)',96,96,0,1,1,'2018-08-25 00:00:00'),(41,'UNION NUT SS304 25MM',7,0,7,1,1,'2018-08-25 00:00:00'),(42,'UNION NUT SS304 38MM',3,0,3,1,1,'2018-08-25 00:00:00'),(43,'UNION LINER SS304 38MM',0,0,0,1,1,'2018-08-25 00:00:00'),(44,'BLIND NUT SS304 38MM',0,0,0,1,1,'2018-08-25 00:00:00'),(45,'UNION NUT SS304 51MM',5,0,5,1,1,'2018-08-25 00:00:00'),(46,'UNION LINER SS304 51MM',0,0,0,1,1,'2018-08-25 00:00:00'),(47,'UNION SS316 63MM (MH)',0,0,0,1,1,'2018-08-25 00:00:00'),(48,'UNION SS304 63MM (MH)',0,0,0,1,1,'2018-08-25 00:00:00'),(49,'UNION NUT SS304 63MM',2,0,2,1,1,'2018-08-25 00:00:00'),(50,'UNION LINER SS304 63MM',0,0,0,1,1,'2018-08-25 00:00:00'),(51,'BUTTERFLY VALVE SS304 51MM (SWS)',9,3,6,1,1,'2018-08-25 00:00:00'),(52,'LIFTING LUG SS304',16,0,16,1,1,'2018-08-25 00:00:00'),(53,'BEND SS304 51MM (SWS)',26,26,0,1,1,'2018-08-25 00:00:00'),(54,'TEE SS304 15NB',1,0,1,1,1,'2018-08-25 00:00:00'),(55,'BEND SS304 25MM (SWS)',13,13,0,1,1,'2018-08-25 00:00:00'),(56,'REDUCER CON SS304 51X38',4,0,4,1,1,'2018-08-25 00:00:00'),(57,'REDUCER ECC SS316 38X25',5,0,5,1,1,'2018-08-25 00:00:00'),(58,'REDUCER CON SS316 76X51 (ALFA)',1,1,0,1,1,'2018-08-25 00:00:00'),(59,'BEND SCH10 SS304 40NB',0,0,0,1,1,'2018-08-25 00:00:00'),(60,'TEE SCH10 SS304 25NB',2,0,2,1,1,'2018-08-25 00:00:00'),(61,'TEE UNEQUAL SCH10 SS304 40NBX15NB',1,0,1,1,1,'2018-08-25 00:00:00'),(62,'BASE PLATE TANK',0,0,0,1,1,'2018-08-25 00:00:00'),(63,'BASE PLATE SKID',0,0,0,1,1,'2018-08-25 00:00:00'),(64,'SIGHTGLASS SS304 4\'\'',5,0,5,1,1,'2018-08-25 00:00:00'),(65,'BEND SCH10 SS304 50NB',6,5,1,1,1,'2018-08-25 00:00:00'),(66,'FLANGE SS304 DIA190 ID90 THK20',1,0,1,1,1,'2018-08-25 00:00:00'),(67,'BARREL NIPPLE SS304 2\'\'',2,0,2,1,1,'2018-08-25 00:00:00'),(68,'BARREL NIPPLE SS304 1.5\'\'',2,0,2,1,1,'2018-08-25 00:00:00'),(69,'NOFOAM BEND SS304 51MM',2,0,2,1,1,'2018-08-25 00:00:00'),(70,'UNION LINER SS304 25MM',5,0,5,1,1,'2018-08-25 00:00:00'),(71,'UNION MALEPART SS304 25MM EXP',1,0,1,1,1,'2018-08-25 00:00:00'),(72,'CIRCLE SS304 DIA210 ID60 THK15',1,0,1,1,1,'2018-08-25 00:00:00'),(73,'BLADE BUSH DIA60 LENGTH100',0,0,0,1,1,'2018-08-25 00:00:00'),(74,'SPRAY BALL 25MM',1,1,0,1,1,'2018-08-25 00:00:00'),(75,'SPRAY BALL 51MM',0,0,0,1,1,'2018-08-25 00:00:00'),(76,'TRYPOD BUSH SS304 65X35',0,0,0,1,1,'2018-08-25 00:00:00'),(77,'NAMEPLATE GUIDE EQUIPMENT',48,0,48,1,1,'2018-08-25 00:00:00'),(78,'SQUIRE FLANGE SS304 280X280X10',1,0,1,1,1,'2018-08-25 00:00:00'),(79,'SQUIRE FLANGE SS304 235X235X10',0,0,0,1,1,'2018-08-25 00:00:00'),(80,'BEND SS316 63MM (ALFA)',10,6,4,1,1,'2018-08-25 00:00:00'),(81,'BEND SS316 51MM (ALFA)',1,0,1,1,1,'2018-08-25 00:00:00'),(82,'BEND SS304 25MM (ALFA)',20,6,14,1,1,'2018-08-25 00:00:00'),(83,'UNION SS304 38MM (ALFA)',0,0,0,1,1,'2018-08-25 00:00:00'),(84,'BEND SS304 38MM (ALFA)',80,14,66,1,1,'2018-08-25 00:00:00'),(85,'BEND SS304 51MM (ALFA)',38,35,3,1,1,'2018-08-25 00:00:00'),(86,'TEE UNEQUAL SS316 38X25 (ALFA)',6,0,6,1,1,'2018-08-25 00:00:00'),(87,'TEE UNEQUAL SS316 51X38 (ALFA)',6,0,6,1,1,'2018-08-25 00:00:00'),(88,'TEE EQUAL SS316 51MM (ALFA)',2,0,2,1,1,'2018-08-25 00:00:00'),(89,'TEE EQUAL SS316 38MM (ALFA)',2,0,2,1,1,'2018-08-25 00:00:00'),(90,'BEND SS304 63MM (ALFA)',0,0,0,1,1,'2018-08-25 00:00:00'),(91,'NRV SS304 51MM (ALFA)',5,3,2,1,1,'2018-08-25 00:00:00'),(92,'BUTTERFLY VALVE SS304 38MM (ALFA)',4,4,0,1,1,'2018-08-25 00:00:00'),(93,'BUTTERFLY VALVE SS304 51MM (ALFA)',0,0,0,1,1,'2018-08-25 00:00:00'),(94,'BUTTERFLY VALVE SS304 63MM (ALFA)',2,0,2,1,1,'2018-08-25 00:00:00'),(95,'NRV SS316 51MM (ALFA)',7,4,3,1,1,'2018-08-25 00:00:00'),(96,'BEND SS316 25MM (ALFA)',29,22,7,1,1,'2018-08-25 00:00:00'),(97,'TEE EQUAL SS316 25MM (ALFA)',0,0,0,1,1,'2018-08-25 00:00:00'),(98,'REDUCER ECC SS316 76X63',1,0,1,1,1,'2018-08-25 00:00:00'),(99,'REDUCER CON SS316 63X51 (ALFA)',0,0,0,1,1,'2018-08-25 00:00:00'),(100,'BUTTERFLY VALVE SS316 76MM (ALFA)',0,0,0,1,1,'2018-08-25 00:00:00'),(101,'BUTTERFLY VALVE SS316 25MM (ALFA)',1,0,1,1,1,'2018-08-25 00:00:00'),(102,'BUTTERFLY VALVE SS316 38MM (ALFA)',6,5,1,1,1,'2018-08-25 00:00:00'),(103,'REDUCER CON SS316 51X38  (ALFA)',17,0,17,1,1,'2018-08-25 00:00:00'),(104,'NRV SERVICE KIT 51MM',5,0,5,1,1,'2018-08-25 00:00:00'),(105,'NRV SERVICE KIT 38MM',4,0,4,1,1,'2018-08-25 00:00:00'),(106,'FLANGE SS304 DIA180 ID 100MM THK10MM',2,0,2,1,1,'2018-08-25 00:00:00'),(107,'FLANGE SS304 DIA210XID60X15MM',1,0,1,1,1,'2018-08-25 00:00:00'),(108,'FLANGE SS304 DIA160XID95X13MM THK',0,0,0,1,1,'2018-08-25 00:00:00'),(109,'O RING SS304 OD300XID250X10MM THIK',1,0,1,1,1,'2018-08-25 00:00:00'),(110,'TEE SS304 51MM (SWS)',1,1,0,1,1,'2018-08-25 00:00:00'),(111,'TEE SS304 25MM (SWS)',13,13,0,1,1,'2018-08-25 00:00:00'),(112,'BEND SS304 38MM (SWS)',75,61,14,1,1,'2018-08-25 00:00:00'),(113,'BUTTERFLY VALVE SS304 25MM (SWS)',15,10,5,1,1,'2018-08-25 00:00:00'),(114,'BUTTERFLY VALVE SS304 38MM (SWS)',23,18,5,1,1,'2018-08-25 00:00:00'),(115,'SQUIRE PLATE SS304 150X105X16MM',3,0,3,1,1,'2018-08-25 00:00:00'),(116,'FLOAT FLANGE SS304 100X95X10MM',1,0,1,1,1,'2018-08-25 00:00:00'),(117,'SQUIRE PLATE SS304 200X70X30MM THK',0,0,0,1,1,'2018-08-25 00:00:00'),(118,'SQUIRE PLATE SS304 60X35X22MM THK',1,0,1,1,1,'2018-08-25 00:00:00'),(119,'SQUIRE PLATE SS304 100X100X4MM THK',4,0,4,1,1,'2018-08-25 00:00:00'),(120,'SQUIRE PLATE SS304 150X100X10MM THK',2,0,2,1,1,'2018-08-25 00:00:00'),(121,'CIRCLE SS304 DIA185X20MM THK',1,0,1,1,1,'2018-08-25 00:00:00'),(122,'CIRCLE SS304 DIA118X25MM THK',2,0,2,1,1,'2018-08-25 00:00:00'),(123,'BASE PLATE PHE 51MM',0,0,0,1,1,'2018-08-25 00:00:00'),(124,'TEE SS304 UNEQUAL 76X51MM LOCAL',5,0,5,1,1,'2018-08-25 00:00:00'),(125,'TEE SS304 63X63MM',0,0,0,1,1,'2018-08-25 00:00:00'),(126,'TEE UNEQUAL SS304 76X38MM LOCAL',7,0,7,1,1,'2018-08-25 00:00:00'),(127,'BALL VALVE SCW 15NB (UNISON)',10,0,10,1,1,'2018-08-25 00:00:00'),(128,'BALL VALVE SCW 20NB (UNISON)',1,0,1,1,1,'2018-08-25 00:00:00'),(129,'THERMAWELL SS316 1/4\" BSP',13,0,13,1,1,'2018-08-25 00:00:00'),(130,'BOLT SS304 M10X40MM',0,0,0,1,1,'2018-08-25 00:00:00'),(131,'BALL FIT SS304 51MM',23,0,23,1,1,'2018-08-25 00:00:00'),(132,'BALL FIT SS304 38MM',29,0,29,1,1,'2018-08-25 00:00:00'),(133,'BALL FIT SS304 88.9MM',28,0,28,1,1,'2018-08-25 00:00:00'),(134,'BOLT SS304 M12X50MM',11,0,11,1,1,'2018-08-25 00:00:00'),(135,'BOLT SS304 M16X50MM',9,0,9,1,1,'2018-08-25 00:00:00'),(136,'NUT BOLT SS304 M24X60MM',8,0,8,1,1,'2018-08-25 00:00:00'),(137,'UNION GASKET EPDM 76MM',8,0,8,1,1,'2018-08-25 00:00:00'),(138,'GASKET EPDM DIA450X20MM',1,0,1,1,1,'2018-08-25 00:00:00'),(139,'SHAFT SS304 DIA30X420L',4,0,4,2,1,'2018-08-25 00:00:00'),(140,'SHAFT SS304 DIA30X440L',1,0,1,2,1,'2018-08-25 00:00:00'),(141,'SHAFT SS304 DIA50X850L',1,0,1,2,1,'2018-08-25 00:00:00'),(142,'SHAFT SS304 DIA40X1120L',1,0,1,2,1,'2018-08-25 00:00:00'),(143,'SHAFT SS304 DIA40X1590L',1,0,1,2,1,'2018-08-25 00:00:00'),(144,'SHAFT SS304 DIA45X1430L',1,0,1,2,1,'2018-08-25 00:00:00'),(145,'SHAFT SS304 DIA28X1755L',3,0,3,2,1,'2018-08-25 00:00:00'),(146,'SHAFT SS304 DIA34X1540L',1,0,1,2,1,'2018-08-25 00:00:00'),(147,'CIRCLE SS304 DIA90X10MM',4,4,0,1,1,'2018-08-25 00:00:00'),(148,'BALL VALVE SS304 1\" (UNISON)',1,1,0,1,1,'2018-08-25 00:00:00'),(149,'FILTER PAPER ID 40XOD 370MM',0,0,0,1,1,'2018-08-25 00:00:00'),(150,'BAR SS304 36X50',11,11,0,1,1,'2018-08-25 00:00:00'),(151,'CONTROL VALVE SS304 40MM Y TYPE ',1,1,0,1,1,'2018-08-25 00:00:00'),(152,'STEAM TRAP 1/2\"',5,2,3,1,1,'2018-08-25 00:00:00'),(153,'TEE SS304 38MM (SW)',1,1,0,1,1,'2018-08-25 00:00:00'),(154,'TUBULAR FILTER SS304 38MM (SW)',1,0,1,1,1,'2018-08-25 00:00:00'),(155,'MALE PART SS304 38MM',21,17,4,1,1,'2018-08-25 00:00:00'),(156,'UNION SS316 51MM (MH)',8,8,0,1,1,'2018-08-25 00:00:00'),(157,'BUTTERFLY VALVE SS316 38MM (SW)',0,0,0,1,1,'2018-08-25 00:00:00'),(158,'BUTTERFLY VALVE SS316 25MM (SW)',0,0,0,1,1,'2018-08-25 00:00:00'),(159,'SPRAY BALL SS316 38MM',9,6,3,1,1,'2018-08-25 00:00:00'),(160,'PID CONTROLLER',0,0,0,1,1,'2018-08-25 00:00:00'),(161,'HEX BOLT SS304 M10X40',63,63,0,1,1,'2018-08-25 00:00:00'),(162,'HEX BOLT SS304 M12X40',120,120,0,1,1,'2018-08-25 00:00:00'),(163,'HEX BOLT SS304 M12X25',40,40,0,1,1,'2018-08-25 00:00:00'),(164,'FLANGE SS304 40NB CLASS 150',4,4,0,1,1,'2018-08-25 00:00:00'),(165,'FLANGE SS304 20NB CLASS 150',9,7,2,1,1,'2018-08-25 00:00:00'),(166,'FLANGE SS304 25NB CLASS 150',15,15,0,1,1,'2018-08-25 00:00:00'),(167,'TEE SCH10 SS304 3/4\"',0,0,0,1,1,'2018-08-25 00:00:00'),(168,'SOCKET BSP SS304 1/2\"',22,22,5,1,1,'2018-08-25 00:00:00'),(169,'DOUBLE SUGAR SYRUP COOLER 1500LPH PHE',0,0,0,1,1,'2018-08-25 00:00:00'),(170,'ELECTRIC MOTOR 2HP',3,3,0,1,1,'2018-08-25 00:00:00'),(171,'ELECTRIC MOTOR 5HP',0,0,0,1,1,'2018-08-25 00:00:00'),(172,'ELECTRIC MOTOR 3HP',5,4,1,1,1,'2018-08-25 00:00:00'),(173,'TEE SS316 25MM (local)',7,7,0,1,1,'2018-08-25 00:00:00'),(174,'FLAT SS304 100X1000X5MM',2,1,1,2,1,'2018-08-25 00:00:00'),(175,'CONTROL PANEL SS304 500X400X250MM',0,0,0,1,1,'2018-08-25 00:00:00'),(176,'SOLENOID VALVE 3/2 WAY 1/4\" 230 VAS (JANATICS)',0,0,0,1,1,'2018-08-25 00:00:00'),(177,'AIR FILTER REGULATOR 1/4\"',2,0,2,1,1,'2018-08-25 00:00:00'),(178,'AIR REGULATOR 1/4\"',6,6,6,1,1,'2018-08-25 00:00:00'),(179,'PU CONNECTOR 1/4\"X6MM',15,0,15,1,1,'2018-08-25 00:00:00'),(180,'INDICATOR 92X45MM',0,0,0,1,1,'2018-08-25 00:00:00'),(181,'SIGHT GLASS SS316 38MM',0,0,0,1,1,'2018-08-25 00:00:00'),(182,'BAR SS316 60X100MM',4,4,0,2,1,'2018-08-25 00:00:00'),(183,'BAR SS316 40X52MM',1,1,0,2,1,'2018-08-25 00:00:00'),(184,'BAR SS316 65X38MM',1,1,0,2,1,'2018-08-25 00:00:00'),(185,'BAR SS316 16X1500MM',4,4,0,2,1,'2018-08-25 00:00:00'),(186,'FLAT SS316 100X1500X5MM',1,0,1,2,1,'2018-08-25 00:00:00'),(187,'BAR SS304 110X77MM',0,0,0,1,1,'2018-08-25 00:00:00'),(188,'SQUIRE TUBE 25X25X1.5MM',3,0,3,2,1,'2018-08-25 00:00:00'),(189,'FLANGE SS304 160X17MM',0,0,0,1,1,'2018-08-25 00:00:00'),(190,'FLANGE SS304 160X15MM',0,0,0,1,1,'2018-08-25 00:00:00'),(191,'ELECTRIC MOTOR 1HP',8,6,2,1,1,'2018-08-25 00:00:00'),(192,'GEAR BOX ALM63',0,0,0,1,1,'2018-08-25 00:00:00'),(193,'BARREL NIPPLE BSP SS304 1/2\"X6\" ',3,0,3,1,1,'2018-08-25 00:00:00'),(194,'TEE SS304 DIA.15NB',2,2,0,1,1,'2018-08-25 00:00:00'),(195,'TC LINER SS316 1\"',0,0,0,1,1,'2018-08-25 00:00:00'),(196,'BAR SS304 60X100MM',11,11,0,2,1,'2018-08-25 00:00:00'),(197,'BAR SS316 35X38MM',1,0,1,1,1,'2018-08-25 00:00:00'),(198,'BAR SS316 65X100MM',0,0,0,1,1,'2018-08-25 00:00:00'),(199,'BAR SS304 75X102MM',3,3,0,2,1,'2018-08-25 00:00:00'),(200,'BAR SS304 16X1580MM',0,0,0,2,1,'2018-08-25 00:00:00'),(201,'BAR SS304 16X700MM',0,0,0,2,1,'2018-08-25 00:00:00'),(202,'WIRE 0.75 SQ MM WHITE',270,200,70,2,1,'2018-08-25 00:00:00'),(203,'WIRE 0.75 SQ MM GREEN',200,0,200,2,1,'2018-08-25 00:00:00'),(204,'WIRE 0.75 SQ MM BLACK ',50,0,50,2,1,'2018-08-25 00:00:00'),(205,'WIRE 2.5 SQ MM GRAY',0,0,0,2,1,'2018-08-25 00:00:00'),(206,'WIRE 2.5 SQ MM BLUE',200,200,0,2,1,'2018-08-25 00:00:00'),(207,'WIRE 2.5 SQ MM YELLOW',200,200,0,2,1,'2018-08-25 00:00:00'),(208,'WIRE 2.5 SQ MM RED',230,200,30,2,1,'2018-08-25 00:00:00'),(209,'WIRE 1.5 SQ MM YELLOW',100,100,0,2,1,'2018-08-25 00:00:00'),(210,'WIRE 1.5 SQ MM BLUE',100,100,0,2,1,'2018-08-25 00:00:00'),(211,'WIRE 1.5 SQ MM RED',100,100,0,2,1,'2018-08-25 00:00:00'),(212,'INDICATION LAMP RED 230VAC',42,20,22,1,1,'2018-08-25 00:00:00'),(213,'INDICATION LAMP BLUE 230VAC',24,0,24,1,1,'2018-08-25 00:00:00'),(214,'INDICATION LAMP YELLOW 230VAC',22,0,22,1,1,'2018-08-25 00:00:00'),(215,'INDICATION LAMP GREEN 230VAC',24,0,24,1,1,'2018-08-25 00:00:00'),(216,'VOLTMETER SWITCH 230VAC',0,0,0,1,1,'2018-08-25 00:00:00'),(217,'KEY SWITCH',17,12,5,1,1,'2018-08-25 00:00:00'),(218,'GREEN PUSH BUTTON',47,0,47,1,1,'2018-08-25 00:00:00'),(219,'RED PUSH BUTTON',40,5,35,1,1,'2018-08-25 00:00:00'),(220,'EMERGENCY SWITCH',13,8,5,1,1,'2018-08-25 00:00:00'),(221,'TERMINAL RED',39,0,39,1,1,'2018-08-25 00:00:00'),(222,'TERMINAL BLACK',100,0,100,1,1,'2018-08-25 00:00:00'),(223,'TERMINAL BLUE',44,0,44,1,1,'2018-08-25 00:00:00'),(224,'TERMINAL YELLOW',28,0,28,1,1,'2018-08-25 00:00:00'),(225,'MPCB 1.6 AMP',4,0,4,1,1,'2018-08-25 00:00:00'),(226,'MAIN SWITCH 32 AMP',10,0,10,1,1,'2018-08-25 00:00:00'),(227,'MAIN SWITCH 25 AMP',3,0,3,1,1,'2018-08-25 00:00:00'),(228,'MAIN SWITCH 16 AMP',2,0,2,1,1,'2018-08-25 00:00:00'),(229,'MAIN SWITCH 63 AMP',1,0,1,1,1,'2018-08-25 00:00:00'),(230,'POWER CONNECTOR 230 VOLT',11,0,11,1,1,'2018-08-25 00:00:00'),(231,'POWER CONNECTOR 415 VOLT',6,0,6,1,1,'2018-08-25 00:00:00'),(232,'ROTARY SWITCH RYB',7,0,7,1,1,'2018-08-25 00:00:00'),(233,'ROTARY SWITCH ON OF',1,0,1,1,1,'2018-08-25 00:00:00'),(234,'ROTARY SWITCH AUTO',0,0,0,1,1,'2018-08-25 00:00:00'),(235,'MPCB 6-10 AMP',10,10,0,1,1,'2018-08-25 00:00:00'),(236,'MPCB 2-3.2 AMP',1,0,1,1,1,'2018-08-25 00:00:00'),(237,'MPCB CKT BREAKER 4-6 AMP',1,0,1,1,1,'2018-08-25 00:00:00'),(238,'MPCB CKT BREAKER 6-10 AMP',1,0,1,1,1,'2018-08-25 00:00:00'),(239,'REGULATOR CLAMP 1/4\"',5,0,5,1,1,'2018-08-25 00:00:00'),(240,'TRANSDUCER 4-20 AMP',1,0,1,1,1,'2018-08-25 00:00:00'),(241,'PRESSURE GUAGE 0-4 BAR',4,0,4,1,1,'2018-08-25 00:00:00'),(242,'PRESSURE GUAGE 0-10 BAR',0,0,0,1,1,'2018-08-25 00:00:00'),(243,'TRANSMETER',0,0,0,1,1,'2018-08-25 00:00:00'),(244,'SQUIRE TUBE 50X501.2MM',0,0,0,2,1,'2018-08-25 00:00:00'),(245,'SQUIRE BAR SS304 20X20X3M',3,0,3,2,1,'2018-08-25 00:00:00'),(246,'SQUIRE TUBE 60X40X1.6 MM',0,0,0,2,1,'2018-08-25 00:00:00'),(247,'SRC 3WAY VALVE DIA.25X1.6MM',0,0,0,1,1,'2018-08-25 00:00:00'),(248,'SAFETY VALVE 15NB',3,3,0,1,1,'2018-08-25 00:00:00'),(249,'STEAM TRAP 20NB',0,0,0,1,1,'2018-08-25 00:00:00'),(250,'LEVEL FLOAT SWITCH SS316',8,0,8,1,1,'2018-08-25 00:00:00'),(251,'PRESSURE GUAGE SS316 4\" DIAPHRAGM',0,0,0,1,1,'2018-08-25 00:00:00'),(252,'FLOW REGULATING VALVE SS304 25MM',3,2,1,1,1,'2018-08-25 00:00:00'),(253,'NRV SS304 25MM (ALFA)',0,0,0,1,1,'2018-08-25 00:00:00'),(254,'FLOW REGULATING VALVE SS316 25MM',1,1,0,1,1,'2018-08-25 00:00:00'),(255,'FLOW REGULATING VALVE SS304 38MM',1,1,0,1,1,'2018-08-25 00:00:00'),(256,'HOMOGENISER MS FRAME 1000 LPH',1,0,1,1,1,'2018-08-25 00:00:00'),(257,'MILK DUM TANK SS304 300 LIT',1,0,1,1,1,'2018-08-25 00:00:00'),(258,'MILK DUM TANK SS304 100 LIT',2,0,2,1,1,'2018-08-25 00:00:00'),(259,'FLOW PLATE SS304 3 PORT',1,0,1,1,1,'2018-08-25 00:00:00'),(260,'PLAIN TANK SS304 1000 LIT',1,0,1,1,1,'2018-08-25 00:00:00'),(261,'STEAM TRAP 15NB',0,0,0,1,1,'2018-08-25 00:00:00'),(262,'CENTRIFUGAL PUMP SS316 1000LPH HEAD 20 1HP',0,0,0,1,1,'2018-08-25 00:00:00'),(263,'CENTRIFUGAL PUMP SS304 1000LPH, HEAD 10, 1HP',1,1,0,1,1,'2018-08-25 00:00:00'),(264,'SQUIRE FLANGE SS304 115X115X18MM',0,0,0,1,1,'2018-08-25 00:00:00'),(265,'FLANGE SS304 80NB CLASS 150',0,0,0,1,1,'2018-08-25 00:00:00'),(266,'BEND SS304 DIA.80NB SCH10',0,0,0,1,1,'2018-08-25 00:00:00'),(267,'TC BALL VALVE SS304 1/2\"',0,0,0,1,1,'2018-08-25 00:00:00'),(268,'TC LINER SS316 1/2\"',0,0,0,1,1,'2018-08-25 00:00:00'),(269,'TC BLIND SS304 76MM',0,0,0,1,1,'2018-08-25 00:00:00'),(270,'CIRCLE SS304 DIA.51X5MM',3,3,0,1,1,'2018-08-25 00:00:00'),(271,'CIRCLE SS304 DIA.160X17MM',12,12,0,1,1,'2018-08-25 00:00:00'),(272,'CIRCLE SS304 DIA.100X15MM',3,3,0,1,1,'2018-08-25 00:00:00'),(273,'CIRCLE SS304 DIA.80X16MM',0,0,0,1,1,'2018-08-25 00:00:00'),(274,'CIRCLE SS304 DIA.70X10MM',0,0,0,1,1,'2018-08-25 00:00:00'),(275,'CIRCLE SS304 DIA.65X15MM',0,0,0,1,1,'2018-08-25 00:00:00'),(276,'CIRCLE SS304 DIA.60X10MM',0,0,0,1,1,'2018-08-25 00:00:00'),(277,'GASKET BUTTERFLY VALVE 38 MM EPDM',5,0,5,1,1,'2018-08-25 00:00:00'),(278,'GASKET BUTTERFLY VALVE 63 MM EPDM',0,0,0,1,1,'2018-08-25 00:00:00'),(279,'ANGLE SS304 50X50X3MM',0,0,0,2,1,'2018-08-25 00:00:00'),(280,'SQUIRE TUBE SS304 40X40X1.5MM',108,108,0,2,1,'2018-08-25 00:00:00'),(281,'SQUIRE TUBE SS304 50X50X1.5MM',0,0,0,2,1,'2018-08-25 00:00:00'),(282,'FLAT SS304 100X150X15MM',0,0,0,2,1,'2018-08-25 00:00:00'),(283,'FLANGE SS304 100X92X10MM',0,0,0,1,1,'2018-08-25 00:00:00'),(284,'TC CLAMP SS304 3\"',0,0,0,1,1,'2018-08-25 00:00:00'),(285,'TC LINER SS304 76MM',50,14,36,1,1,'2018-08-25 00:00:00'),(286,'TC LINER SS304 63MM',25,9,16,1,1,'2018-08-25 00:00:00'),(287,'TC LINER SS 304 38MM',4,4,0,1,1,'2018-08-25 00:00:00'),(288,'TC LINER SS 304 1/2\"',8,8,0,1,1,'2018-08-25 00:00:00'),(289,'TC GASKET 38MM',4,4,0,1,1,'2018-08-25 00:00:00'),(290,'BEND SS304 15MM',8,8,0,1,1,'2018-08-25 00:00:00'),(291,'BALL VALVE SS304 1/2\"',0,0,0,1,1,'2018-08-25 00:00:00'),(292,'CIRCLE SS304 DIA.135X17MM THK',2,0,2,1,1,'2018-08-25 00:00:00'),(293,'REDUCER ECC SS316 38X25',0,0,0,1,1,'2018-08-25 00:00:00'),(294,'BARREL NIPPLE SS304 3/4\"X4\"',0,0,0,1,1,'2018-08-25 00:00:00'),(295,'GASKET EPDM OD50XID34',0,0,0,1,1,'2018-08-25 00:00:00'),(296,'TC BLIND SS304 63MM',0,0,0,1,1,'2018-08-25 00:00:00'),(297,'GASKET EPDM OD60XID48',25,0,25,1,1,'2018-08-25 00:00:00'),(298,'AIRWENT TANK SS 304 ',0,0,0,1,1,'2018-08-25 00:00:00'),(299,'CENTRIFUGAL PUMP SS304 1000 LPH, HEAD 20, 2HP',0,0,0,1,1,'2018-08-25 00:00:00'),(300,'PLATE HEAT EXCHANGER 2500 LPH',0,0,0,1,1,'2018-08-25 00:00:00'),(301,'PLATE PACK 2000 LPH',1,1,0,1,1,'2018-08-25 00:00:00'),(302,'SHEAR PUMP SS304 5000 LPH, HEAD 10, 5HP',0,0,0,1,1,'2018-08-25 00:00:00'),(303,'SELF PRIMING PUMP SS304 5000LPH, HEAD 10, 5HP',0,0,0,1,1,'2018-08-25 00:00:00'),(304,'MS FLAT 50X5MM',0,0,0,2,1,'2018-08-25 00:00:00'),(305,'MS ANGLE 40X5MM',0,0,0,2,1,'2018-08-25 00:00:00'),(306,'NON TOXIC FOOD GRADE PIPE FLEXIBLE TYPE TRANSPERANT 2\"',0,0,0,2,1,'2018-08-25 00:00:00'),(307,'SHEET SS304 1250X2500X2MM',927,927,0,3,1,'2018-08-25 00:00:00'),(308,'BEND SS304 65 NB SCH10',0,0,0,1,1,'2018-08-25 00:00:00'),(309,'FLANGE SS304 65 NB 150 CLASS',0,0,0,1,1,'2018-08-25 00:00:00'),(310,'PU TUBE 6MM OD X 4MM ID (JANATICS)',19,19,0,2,1,'2018-08-25 00:00:00'),(311,'PIPE SS316 25X1.6MM',54,54,0,2,1,'2018-08-25 00:00:00'),(312,'BEND SS316 25X1.6MM (ALFA)',26,10,16,1,1,'2018-08-25 00:00:00'),(313,'TC LINER SS316 25MM',1,1,0,1,1,'2018-08-25 00:00:00'),(314,'TC CLAMP SS316 25MM',4,4,0,1,1,'2018-08-25 00:00:00'),(315,'SHEET SS316 1250X2500X2MM',97,97,0,3,1,'2018-08-25 00:00:00'),(316,'PIPE SS316 12X1.2MM',51,0,51,2,1,'2018-08-25 00:00:00'),(317,'CIRCLE SS316 105X15MM',0,0,0,1,1,'2018-08-25 00:00:00'),(318,'PIPE ERW SS316 25X1.6MM',0,0,0,2,1,'2018-08-25 00:00:00'),(319,'PIPE ERW SS316 38X1.6MM',3,0,3,2,1,'2018-08-25 00:00:00'),(320,'PIPE SEAMLESS SS304 19X1.2 THK',0,0,0,2,1,'2018-08-25 00:00:00'),(321,'FLANGE SS304 DIA.160X17MMTHK',2,2,0,1,1,'2018-08-25 00:00:00'),(322,'FLANGE SS304 DIA.160X15MM THK',0,0,0,1,1,'2018-08-25 00:00:00'),(323,'SQUIRE TUBE SS304 25X25X1.6MM THK',6,0,6,2,1,'2018-08-25 00:00:00'),(324,'PIPE SS304 DIA.88.9X2MM THK',18,18,0,2,1,'2018-08-25 00:00:00'),(325,'PIPE CLAMP SS304 51MM',0,0,0,1,1,'2018-08-25 00:00:00'),(326,'FLANGE SS304 DIA.25NB CLASS 150',6,6,0,1,1,'2018-08-25 00:00:00'),(327,'BARREL NIPPLE SS304 DIA.15NBX6\"',5,5,0,1,1,'2018-08-25 00:00:00'),(328,'BALL VALVE SS304 DIA.15NB',0,0,0,1,1,'2018-08-25 00:00:00'),(329,'PIPE CLAMP SS304 25MM',0,0,0,1,1,'2018-08-25 00:00:00'),(330,'BLIND NUT SS304 DIA.25MM',1,0,1,1,1,'2018-08-25 00:00:00'),(331,'RTD SENSOR SS316 1/4\" BSP SIMPLEX',4,4,0,1,1,'2018-08-25 00:00:00'),(332,'DIGITAL TEMP INDICATOR 92X45MM',0,0,0,1,1,'2018-08-25 00:00:00'),(333,'SRC 3WAY VALVE SS316 DIA.25X1.6MM',0,0,0,1,1,'2018-08-25 00:00:00'),(334,'MPCB 2.5-4 AMP',1,1,0,1,1,'2018-08-25 00:00:00'),(335,'MCB SINGLE POLE 6 AMP',0,0,0,1,1,'2018-08-25 00:00:00'),(336,'PVC CHANEL 25X45',32,32,0,2,1,'2018-08-25 00:00:00'),(337,'PVC CHANEL 45X45',32,32,0,2,1,'2018-08-25 00:00:00'),(338,'BUTTERFLY VALVE SS316 25MM (PIONEER)',0,0,0,1,1,'2018-08-25 00:00:00'),(339,'AIR VENT GUN METAL 15NB',0,0,0,1,1,'2018-08-25 00:00:00'),(340,'STEAM CONTROL VALVE 2 WAY 25MM',0,0,0,1,1,'2018-08-25 00:00:00'),(341,'STEAM CONTROL VALVE 3 WAY 25MM',0,0,0,1,1,'2018-08-25 00:00:00'),(342,'U TYPE SYPHON SS304 DIA.15NB',0,0,0,1,1,'2018-08-25 00:00:00'),(343,'GUAGE COCK SS304 15NB',2,1,1,1,1,'2018-08-25 00:00:00'),(344,'CENTRIFUGAL PUMP SS304 1000 LPH, HEAD 30, 3HP',0,0,0,1,1,'2018-08-25 00:00:00'),(345,'TC CLAMP SS304 25 MM',2,2,0,1,1,'2018-08-25 00:00:00'),(346,'SRC VALVE KIT 38 MM',4,0,4,1,1,'2018-08-25 00:00:00'),(347,'FLAT SS304 100X500X10MM',0,0,0,2,1,'2018-08-25 00:00:00'),(348,'PIPE ERW SS304 51X1.6MM',0,0,0,2,1,'2018-08-25 00:00:00'),(349,'BAR SS304 67X37MM',2,2,0,1,1,'2018-08-25 00:00:00'),(350,'SUGAR SYRUP COOLER SS304 1000 LPH',0,0,0,1,1,'2018-08-25 00:00:00'),(351,'WOODEN CRAITE 1000X1000X600MM',0,0,0,1,1,'2018-08-25 00:00:00'),(352,'WOODEN CRAITE 1000X1000X300MM',0,0,0,1,1,'2018-08-25 00:00:00'),(353,'CONTROL VALVE SS304 25MM Y TYPE ',3,3,0,1,1,'2018-08-25 00:00:00'),(354,'BALL FLOAT STEAM TRAP 15NB',0,0,0,1,1,'2018-08-25 00:00:00'),(355,'SHEET SS304 1250X2500X3MM',228,228,0,3,1,'2018-08-25 00:00:00'),(356,'	PIPE ERW SS304 25X1.2MM',0,0,0,2,1,'2018-08-25 00:00:00'),(357,'STEAM GLOBE VALVE 2 WAY 40NB',0,0,0,1,1,'2018-08-25 00:00:00'),(358,'TEFLON ROD DIA.67X42MM',0,0,0,1,1,'2018-08-25 00:00:00'),(359,'RTD SENSOR SS316 1/2\" BSP SIMPLEX 300MM',2,2,0,1,1,'2018-08-25 00:00:00'),(360,'GEAR BOX ALM50',0,0,0,1,1,'2018-08-25 00:00:00'),(361,'GEAR BOX ALM75',0,0,0,1,1,'2018-08-25 00:00:00'),(362,'SHEEL & TUBE FLANGE SS304 38 MM',0,0,0,1,1,'2018-08-25 00:00:00'),(363,'PIPE CLAMP SS304 38MM',0,0,0,1,1,'2018-08-25 00:00:00'),(364,'GASKET EPDM OD875XID745X5 MM THK',0,0,0,1,1,'2018-08-25 00:00:00'),(365,'GASKET EPDM OD890XID790X5 MM THK',0,0,0,1,1,'2018-08-25 00:00:00'),(366,'GASKET EPDM OD890XID750X5 MM THK',0,0,0,1,1,'2018-08-25 00:00:00'),(367,'BALL VALVE SS304 SCW 25NB (UNISON)',2,2,0,1,1,'2018-08-25 00:00:00'),(368,'BALL VALVE SS304 SCW 40NB (UNISON)',0,0,0,1,1,'2018-08-25 00:00:00'),(369,'BALL VALVE SS304 SCW 50NB (UNISON)',0,0,0,1,1,'2018-08-25 00:00:00'),(370,'BAR SS304 DIA.35X1730MM',0,0,0,1,1,'2018-08-25 00:00:00'),(371,'FLAT SS304 40X3000X5MM',3,3,0,2,1,'2018-08-25 00:00:00'),(372,'PIPE SS316 DIA.16X1.2MM',492,480,12,2,1,'2018-08-25 00:00:00'),(373,'PIPE SS304 51x1.6MM',37,37,0,2,1,'2018-08-25 00:00:00'),(374,'SHELL AND TUBE HEAT EXCHANGER DIA 88.9',1,0,1,1,1,'2018-08-25 00:00:00'),(375,'REDUCER CON SS304 51X38MM (SW)',3,3,0,1,1,'2018-08-25 00:00:00'),(376,'REDUCER CON SS304 38X25MM (SW)',1,1,0,1,1,'2018-08-25 00:00:00'),(377,'NRV SS304 38MM (ALFA)',0,0,0,1,1,'2018-08-25 00:00:00'),(378,'NRV SS316 25MM (ALFA)',1,1,0,1,1,'2018-08-25 00:00:00'),(379,'CIRCLE SS304 DIA.135X35MM',1,1,0,1,1,'2018-08-25 00:00:00'),(380,'HOSE CLAMP SS304 3\"',0,0,0,1,1,'2018-08-25 00:00:00'),(381,'PIPE SS304 SCH 10 25 NB',1,0,1,2,1,'2018-08-25 00:00:00'),(382,'PRESSURE GUAGE SS304 4\"',3,3,0,1,1,'2018-08-25 00:00:00'),(383,'I/P CONVERTER 1/4\"BSP',5,5,0,1,1,'2018-08-25 00:00:00'),(384,'PHE GASKET EPDM MODEL-R13',0,0,0,1,1,'2018-08-25 00:00:00'),(385,'PIPE SS304 SEAMLESS DIA 16X1.2MM',3,3,0,2,1,'2018-08-25 00:00:00'),(386,'BAR SS304 DIA.5X6000',0,0,0,2,1,'2018-08-25 00:00:00'),(387,'BEND SS304 63MM (SW)',4,4,0,1,1,'2018-08-25 00:00:00'),(388,'RTD SENSOR SS316 1/4\" BSP DUPLEX',0,0,0,1,1,'2018-08-25 00:00:00'),(389,'HOOTER 92X92MM',4,0,4,1,1,'2018-08-25 00:00:00'),(390,'SRC 3WAY VALVE SS316 DIA.51MM',1,0,1,1,1,'2018-08-25 00:00:00'),(391,'CONTROL PANEL SS304 1100X680X250MM',0,0,0,1,1,'2018-08-25 00:00:00'),(392,'1766L32BWAA PLC',0,0,0,1,1,'2018-08-25 00:00:00'),(393,'1762IR4 PLC RTD CARD',0,0,0,1,1,'2018-08-25 00:00:00'),(394,'1762IF20F2 PLC ANALOG CARD',0,0,0,1,1,'2018-08-25 00:00:00'),(395,'VFD 2HP',1,1,0,1,1,'2018-08-25 00:00:00'),(396,'8 RELAY 1C/O 24VDC',1,1,0,1,1,'2018-08-25 00:00:00'),(397,'PMT-24V100W1AA',0,0,0,1,1,'2018-08-25 00:00:00'),(398,'3 TIRE LAMP DIA.60MM',1,1,0,1,1,'2018-08-25 00:00:00'),(399,'PLUG VALVE 2 WAY SS304 38MM',4,4,0,1,1,'2018-08-25 00:00:00'),(400,'PLUG VALVE 3 WAY SS304 25MM',4,4,0,1,1,'2018-08-25 00:00:00'),(401,'MS FLAT 65X5MM',0,0,0,2,1,'2018-08-25 00:00:00'),(402,'MS ANGLE 50X5MM',0,0,0,2,1,'2018-08-25 00:00:00'),(403,'CENTRIFUGAL PUMP SS316 2000 LPH, HEAD 25, 2 HP',0,0,0,1,1,'2018-08-25 00:00:00'),(404,'CENTRIFUGAL PUMPSS304 1000LPH, HEAD 10, 1HP',0,0,0,1,1,'2018-08-25 00:00:00'),(405,'FILTER DSF-150',0,0,0,1,1,'2018-08-25 00:00:00'),(406,'REXONORD FAN',0,0,0,1,1,'2018-08-25 00:00:00'),(407,'GLASS TUBE OD I9X1412MM',0,0,0,1,1,'2018-08-25 00:00:00'),(408,'TEMP CONTROLLER 92X92MM',4,4,0,1,1,'2018-08-25 00:00:00'),(409,'GEAR BOX AS25',3,3,0,1,1,'2018-08-25 00:00:00'),(410,'ELECTRIC MOTOR 0.5HP',4,3,1,1,1,'2018-08-25 00:00:00'),(411,'BARREL NIPPLE SS304 25MM',1,0,1,1,1,'2018-08-25 00:00:00'),(412,'CIRCLE SS316 105X17MM',0,0,0,1,1,'2018-08-25 00:00:00'),(413,'SOCKET BSP SS304 25NB',0,0,0,1,1,'2018-08-25 00:00:00'),(414,'SOCKET BSP SS304 20NB',0,0,0,1,1,'2018-08-25 00:00:00'),(415,'SPRAY BALL SS304 1/2\"',1,1,0,1,1,'2018-08-25 00:00:00'),(416,'NRV BRASS DIA.25NB',0,0,0,1,1,'2018-08-25 00:00:00'),(417,'AIRVENT BRASS 15NB',1,1,0,1,1,'2018-08-25 00:00:00'),(418,'BEND SS304 DIA.25NB SCH 10',2,0,2,1,1,'2018-08-25 00:00:00'),(419,'SHELL AND TUBE FLANGE SS304 51 CONNECTION',0,0,0,1,1,'2018-08-25 00:00:00'),(420,'TC LINER SS304 20 NB',0,0,0,1,1,'2018-08-25 00:00:00'),(421,'TC GASKET 20MM',0,0,0,1,1,'2018-08-25 00:00:00'),(422,'FLANGE SS304 15NB',0,0,0,1,1,'2018-08-25 00:00:00'),(423,'CHAMPION GASKET 40NB',2,2,0,1,1,'2018-08-25 00:00:00'),(424,'CHAMPION GASKET 25NB',2,2,0,1,1,'2018-08-25 00:00:00'),(425,'CHAMPION GASKET 20NB',2,2,0,1,1,'2018-08-25 00:00:00'),(426,'SQUIRE FLANGE SS304 100X100X5MM',0,0,0,1,1,'2018-08-25 00:00:00'),(427,'ANCHOR FASTNER GI 10X100',60,0,60,1,1,'2018-08-25 00:00:00'),(428,'GASKET EPDM WHITE OD535XID445X5MM THK FOOD GRADE',0,0,0,1,1,'2018-08-25 00:00:00'),(429,'GASKET EPDM BLACK OD540XID445X8MMTHK FOOD GRADE',0,0,0,1,1,'2018-08-25 00:00:00'),(430,'GASKET EPDM BLACK OD550XID440X10MMTHK FOOD GRADE',0,0,0,1,1,'2018-08-25 00:00:00'),(431,'TEE SS316 51MM (ALFA)',21,20,1,1,1,'2018-08-25 00:00:00'),(432,'TUBULAR FILTER SS304 38MM',20,0,20,1,1,'2018-08-25 00:00:00'),(433,'CABLE TRAY BRACKET SS304 100X50',0,0,0,1,1,'2018-08-25 00:00:00'),(434,'TEE SS316 63MM (ALFA)',8,8,0,1,1,'2018-08-25 00:00:00'),(435,'UNION SS304 63MM (ALFA)',0,0,0,1,1,'2018-08-25 00:00:00'),(436,'BEND SS304 101X2MM THK',0,0,0,1,1,'2018-08-25 00:00:00'),(437,'REDUCER CON SS316 101X76 (ALFA)',0,0,0,1,1,'2018-08-25 00:00:00'),(438,'BUTTERFLY VALVE SS316 51MM (ALFA)',0,0,0,1,1,'2018-08-25 00:00:00'),(439,'REDUCER CON SS316 76X63 (ALFA)',0,0,0,1,1,'2018-08-25 00:00:00'),(440,'NRV SS316 76MM (ALFA)',0,0,0,1,1,'2018-08-25 00:00:00'),(441,'UNION SS304 51MM (ALFA)',1,0,1,1,1,'2018-08-25 00:00:00'),(442,'UNION SS304 76MM (ALFA)',0,0,0,1,1,'2018-08-25 00:00:00'),(443,'UNION SS316 51MM (ALFA)',0,0,0,1,1,'2018-08-25 00:00:00'),(444,'UNION SS304 25MM (ALFA)',0,0,0,1,1,'2018-08-25 00:00:00'),(445,'BLIND NUT SS304 51MM',0,0,0,1,1,'2018-08-25 00:00:00'),(446,'MALE PART SS316 51MM',0,0,0,1,1,'2018-08-25 00:00:00'),(447,'BEND SS304 76MM (ALFA)',0,0,0,1,1,'2018-08-25 00:00:00'),(448,'HEX NUT SS304 M8',0,0,0,1,1,'2018-08-25 00:00:00'),(449,'STEAM GLOBE VALVE 3\"',0,0,0,1,1,'2018-08-25 00:00:00'),(450,'BUTTERFLY VALVE SS304 25MM (ALFA)',0,0,0,1,1,'2018-08-25 00:00:00'),(451,'BUTTERFLY VALVE SS304 76MM (ALFA)',2,2,0,1,1,'2018-08-25 00:00:00'),(452,'TEFLON ROD DIA.60X100MM',0,0,0,1,1,'2018-08-25 00:00:00'),(453,'HOSE CLAMP SS304 4\"',3,0,3,1,1,'2018-08-25 00:00:00'),(454,'FLANGE SS304 DIA.185X95X15MM THK',0,0,0,1,1,'2018-08-25 00:00:00'),(455,'FLANGE SS304 DIA.210X95X13MM THK',2,2,0,1,1,'2018-08-25 00:00:00'),(456,'PIPE SS304 SCH 80 25NB',2,0,2,2,1,'2018-08-25 00:00:00'),(457,'CIRCLE SS304 DIA.60X60MM',0,0,0,1,1,'2018-08-25 00:00:00'),(458,'CIRCLE SS304 DIA.55X100',0,0,0,1,1,'2018-08-25 00:00:00'),(459,'ANCHOR BOLT SS304 M12X100',40,40,0,1,1,'2018-08-25 00:00:00'),(460,'NUT BOLT SS304 M12X60',40,0,40,1,1,'2018-08-25 00:00:00'),(461,'DATALOGER MODEL TC 800 D',0,0,0,1,1,'2018-08-25 00:00:00'),(462,'USB CONVERTOR',0,0,0,1,1,'2018-08-25 00:00:00'),(463,'GLASS TUBE OD 60X84MM',1,1,0,1,1,'2018-08-25 00:00:00'),(464,'UNION SS304 76MM (MH)',1,0,1,1,1,'2018-08-25 00:00:00'),(465,'PIPE SS316 51X1.6MM',36,33,3,2,1,'2018-08-25 00:00:00'),(466,'PIPE SS304 25X1.6MM',19,19,0,2,1,'2018-08-25 00:00:00'),(467,'SMARTLOG 2.0.8',0,0,0,1,1,'2018-08-25 00:00:00'),(468,'STEAM GLOBE VALVE 3 WAY 1\"',0,0,0,1,1,'2018-08-25 00:00:00'),(469,'PRESSURE SWITCH 0-6 BAR',5,5,0,1,1,'2018-08-25 00:00:00'),(470,'CENTRIFUGAL PUMP SS304 1000LPH,20MWC,1HP',0,0,0,1,1,'2018-08-25 00:00:00'),(471,'GLOBE VALVE FLANGED ENDS 150 CLASS 25MM',0,0,0,1,1,'2018-08-25 00:00:00'),(472,'PIPE SS304 101X2MM THK',12,12,0,2,1,'2018-08-25 00:00:00'),(473,'TC HOSE NIPPLE SS304 4\"',0,0,0,1,1,'2018-08-25 00:00:00'),(474,'TC CLAMP SS304 4\"',0,0,0,1,1,'2018-08-25 00:00:00'),(475,'TC UNION SS304 76MM',0,0,0,1,1,'2018-08-25 00:00:00'),(476,'REDUCING NIPPLE 183585',0,0,0,1,1,'2018-08-25 00:00:00'),(477,'PRESSURE SENSOR 552362',0,0,0,1,1,'2018-08-25 00:00:00'),(478,'TC UNION SS316 51MM',0,0,0,1,1,'2018-08-25 00:00:00'),(479,'STEAM GASKET 25NB',0,0,0,1,1,'2018-08-25 00:00:00'),(480,'SILICON GASKET OD 63XID 50 3MM THK',0,0,0,1,1,'2018-08-25 00:00:00'),(481,'HOT WATER GENERATOR',1,1,0,1,1,'2018-08-25 00:00:00'),(482,'O RING OD 65XID55MM',10,0,10,1,1,'2018-08-25 00:00:00'),(483,'O RING OD 51XID 41MM',0,0,0,1,1,'2018-08-25 00:00:00'),(484,'SIGHT GLASS OD 125X2MM THK',4,4,0,1,1,'2018-08-25 00:00:00'),(485,'OIL CUP ID 30',0,0,0,1,1,'2018-08-25 00:00:00'),(486,'UNION GASKET EPDM 51MM',0,0,0,1,1,'2018-08-25 00:00:00'),(487,'Q TYPE SYPHON SS304 DIA.15NB',0,0,0,1,1,'2018-08-25 00:00:00'),(488,'FILTER REGULATOR 162690',0,0,0,1,1,'2018-08-25 00:00:00'),(489,'PRESS REGULATOR 159625',0,0,0,1,1,'2018-08-25 00:00:00'),(490,'THREADED BOLT 159595',0,0,0,1,1,'2018-08-25 00:00:00'),(491,'PLASTIC TUBING 159664',0,0,0,1,1,'2018-08-25 00:00:00'),(492,'PLASTIC TUBING 159668',0,0,0,1,1,'2018-08-25 00:00:00'),(493,'MANIFOLD ASSEM 572230',0,0,0,1,1,'2018-08-25 00:00:00'),(494,'CIRCLE SS304 DIA.110X10MM THK',1,0,1,1,1,'2018-08-25 00:00:00'),(495,'TC UNION SS304 101MM',0,0,0,1,1,'2018-08-25 00:00:00'),(496,'TC BLIND SS304 101MM',0,0,0,1,1,'2018-08-25 00:00:00'),(497,'PIPE CLAMP SS304 101MM',0,0,0,1,1,'2018-08-25 00:00:00'),(498,'TC CLAMP SS304 76MM',0,0,0,1,1,'2018-08-25 00:00:00'),(499,'PIPE CLAMP SS304 76MM',0,0,0,1,1,'2018-08-25 00:00:00'),(500,'PIPE CLAMP SS304 SCH 10 20NB',0,0,0,1,1,'2018-08-25 00:00:00'),(501,'PIPE SS304 SCH 10 20NB',48,48,0,2,1,'2018-08-25 00:00:00'),(502,'PIPE SS304 SCH 10 80NB',0,0,0,2,1,'2018-08-25 00:00:00'),(503,'PIPE ERW SS304 76X1.6MM',0,0,0,2,1,'2018-08-25 00:00:00'),(504,'BEND SS304 SCH 10 20NB',0,0,0,1,1,'2018-08-25 00:00:00'),(505,'BEND SS304 SCH10 3\"',0,0,0,1,1,'2018-08-25 00:00:00'),(506,'PHE GASKET EPDM MODEL-R28',0,0,0,1,1,'2018-08-25 00:00:00'),(507,'SS 304 FILLER WIRE -3MM',0,0,0,3,1,'2018-08-25 00:00:00'),(508,'SS 304 FILLER WIRE - 2MM',0,0,0,3,1,'2018-08-25 00:00:00'),(509,'1762IF4 MICROLOGIX 1200 SYSTEM INPUT MODULE',0,0,0,1,1,'2018-08-25 00:00:00'),(510,'1762OF4 MICROLOGIX 1200 SYSTEM OUTPUT MODULE',0,0,0,1,1,'2018-08-25 00:00:00'),(511,'1762IR4 MICROLOGIX 1200 SYSTEM RTD MODULE',0,0,0,1,1,'2018-08-25 00:00:00'),(512,'ANCHOR FASTNER SS304 M12X100',0,0,0,1,1,'2018-08-25 00:00:00'),(513,'SHEET SS304 1250X2500X2.5MM',0,0,0,3,1,'2018-08-25 00:00:00'),(514,'COIL SS304 1250X2MM THK',2995,2995,0,3,1,'2018-08-25 00:00:00'),(515,'CONTROL PANEL SS304 200X200X81MM',2,2,0,1,1,'2018-08-25 00:00:00'),(516,'MS SHEET 1250X2500X6MM THK',50,50,0,3,1,'2018-08-25 00:00:00'),(517,'1766L32BWA',0,0,0,1,1,'2018-08-25 00:00:00'),(518,'NUT BOLT SS304 M16X70',22,0,22,1,1,'2018-08-25 00:00:00'),(519,'HOMOGENISER SS304 1000 LPH',1,1,0,1,1,'2018-08-25 00:00:00'),(520,'NUT BOLT SS304 M10X20',0,0,0,1,1,'2018-08-25 00:00:00'),(521,'NUT BOLT SS304 M10X45',0,0,0,1,1,'2018-08-25 00:00:00'),(522,'NUT BOLT SS304 M10X65',0,0,0,1,1,'2018-08-25 00:00:00'),(523,'NUT BOLT SS304 M8X60',0,0,0,1,1,'2018-08-25 00:00:00'),(524,'CIRCLE SS304 DIA.180X12MM',0,0,0,1,1,'2018-08-25 00:00:00'),(525,'SQUIRE BAR SS304 40X60MM',0,0,0,1,1,'2018-08-25 00:00:00'),(526,'PIPE ERW SS304 88.9X6000X2 THK',18,18,0,2,1,'2018-08-25 00:00:00'),(527,'PIPE ERW SS304 25X6000X1.6MM',0,0,0,2,1,'2018-08-25 00:00:00'),(528,'PIPE SS304 SCH 10 DIA.101X6000X2MM',3,3,0,2,1,'2018-08-25 00:00:00'),(529,'COIL SS304 1250X10000X4MM',150,150,0,3,1,'2018-08-25 00:00:00'),(530,'COIL SS304 1250X25000X2.5MM',121,121,0,3,1,'2018-08-25 00:00:00'),(531,'COIL SS316 1250X2500X4MM',140,40,100,3,1,'2018-08-25 00:00:00'),(532,'COIL SS316 1250X14000X2MM',185,185,0,3,1,'2018-08-25 00:00:00'),(533,'SHEET SS316 1250X2500X2.5MM',50,50,0,3,1,'2018-08-25 00:00:00'),(534,'STEAM TRAP 25NB',1,1,0,1,1,'2018-08-25 00:00:00'),(535,'PIPE SS304 SCH 40 15NB',1,1,0,2,1,'2018-08-25 00:00:00'),(536,'PU CONNECTOR 1/2\"X10MM',0,0,0,1,1,'2018-08-25 00:00:00'),(537,'PLUG VALVE 2 WAY SS304 51MM',2,2,0,1,1,'2018-08-25 00:00:00'),(538,'TEFLON ROD DIA.60X50MM',0,0,0,1,1,'2018-08-25 00:00:00'),(539,'MANHOLE SS304 DIA.502MM',3,3,0,1,1,'2018-08-25 00:00:00'),(540,'LOBE PUMP SS316 1800LPH',0,0,0,1,1,'2018-08-25 00:00:00'),(541,'LOBE PUMP SS316 2000LPH',0,0,0,1,1,'2018-08-25 00:00:00'),(542,'BEND SS316 25MM (SW)',15,0,15,1,1,'2018-08-25 00:00:00'),(543,'TEE SS316 25MM (SW)',5,0,5,1,1,'2018-08-25 00:00:00'),(544,'CIRCLE SS316 DIA.135X35MM',0,0,0,1,1,'2018-08-25 00:00:00'),(545,'TEE SS304 SCH 10 DIA.20 NB',0,0,0,1,1,'2018-08-25 00:00:00'),(546,'TEE SS304 SCH 10 DIA.15NB',0,0,0,1,1,'2018-08-25 00:00:00'),(547,'FDV SEAL KIT 38MM',0,0,0,1,1,'2018-08-25 00:00:00'),(548,'1762OW8 MICROLOGIX 8 POINT OUTPUT MODULE',0,0,0,1,1,'2018-08-25 00:00:00'),(549,'CIRCLE SS304 DIA.120X12MM',0,0,0,1,1,'2018-08-25 00:00:00'),(550,'CIRCLE SS304 DIA140X15MM',4,0,4,1,1,'2018-08-25 00:00:00'),(551,'CIRCLE SS304 DIA100X10MM',0,0,0,1,1,'2018-08-25 00:00:00'),(552,'CIRCLE SS304 DIA100X12MM',12,12,0,1,1,'2018-08-25 00:00:00'),(553,'CIRCLE SS304 DIA135X35MM',0,0,0,1,1,'2018-08-25 00:00:00'),(554,'CIRCLE SS316 DIA135X35MM',0,0,0,1,1,'2018-08-25 00:00:00'),(555,'TEE UNEQUAL SS316 51X25X1.6MM (ALFA)',0,0,0,1,1,'2018-08-25 00:00:00'),(556,'GEAR BOX AS30 1HP',6,6,0,1,1,'2018-08-25 00:00:00'),(557,'GEAR BOX AS30 2HP',1,1,0,1,1,'2018-08-25 00:00:00'),(558,'MILK PASTEURISER SYSTEM 500 LPH',1,1,0,1,1,'2018-08-25 00:00:00'),(559,'MILK CHILLER 300 LPH',1,1,0,1,1,'2018-08-25 00:00:00'),(560,'GLASS TUBE OD 91X3595MM',0,0,0,1,1,'2018-08-25 00:00:00'),(561,'FLAT SS304 100X10MM',8,8,0,2,1,'2018-08-25 00:00:00'),(562,'FLAT SS304 100X5MM',1,1,0,2,1,'2018-08-25 00:00:00'),(563,'SQUIRE PLATE 280X280X12MM',0,0,0,1,1,'2018-08-25 00:00:00'),(564,'FLAT SS316 100X6MM',0,0,0,2,1,'2018-08-25 00:00:00'),(565,'BARREL NIPPLE SS304 1/2\"X6\"',4,4,0,1,1,'2018-08-25 00:00:00'),(566,'PIPE SS316 SCH 40 1/2\"NB',0,0,0,2,1,'2018-08-25 00:00:00'),(567,'FLANGE SS304 50NB CLASS 150',0,0,0,1,1,'2018-08-25 00:00:00'),(568,'BALL VALVE SS316 40NB (UNISON)',0,0,0,1,1,'2018-08-25 00:00:00'),(569,'BALL VALVE SCW 25NB (UNISON)',0,0,0,1,1,'2018-08-25 00:00:00'),(570,'BAR SS304 DIA.40X100MM',0,0,0,1,1,'2018-08-25 00:00:00'),(571,'O RING 31.5X3.5',0,0,0,1,1,'2018-08-25 00:00:00'),(572,'O RING 47X3.5',0,0,0,1,1,'2018-08-25 00:00:00'),(573,'O RING 53X3.5',0,0,0,1,1,'2018-08-25 00:00:00'),(574,'O RING 67X3.5',0,0,0,1,1,'2018-08-25 00:00:00'),(575,'SERVICE KIT FOR CPM VALVE',0,0,0,1,1,'2018-08-25 00:00:00'),(576,'SPARKLER FILTER PRESS SS304 2000 LPH',0,0,0,1,1,'2018-08-25 00:00:00'),(577,'SUGAR SYRUP COOLER 2000 LPH PHE',0,0,0,1,1,'2018-08-25 00:00:00'),(578,'3 WAY PLUG VALVE GASKET KIT 38 MM',1,0,1,1,1,'2018-08-25 00:00:00'),(579,'3 WAY PLUG VALVE GASKET KIT 25 MM',2,0,2,1,1,'2018-08-25 00:00:00'),(580,'CENTRIFUGAL PUMP SS316 2000 LPH,HEAD 20, 2 HP',0,0,0,1,1,'2018-08-25 00:00:00'),(581,'CENTRIFUGAL PUMP SS304 2000 LPH, HEAD 15, 1 HP',0,0,0,1,1,'2018-08-25 00:00:00'),(582,'CENTRIFUGAL PUMP SS304 2000 LPH, HEAD 30, 3 HP',0,0,0,1,1,'2018-08-25 00:00:00'),(583,'BUTTERFLY VALVE SS304 76MM (SW)',0,0,0,1,1,'2018-08-25 00:00:00'),(584,'BEND SS304 76MM (SW)',0,0,0,1,1,'2018-08-25 00:00:00'),(585,'DISC FILTER SS304 38MM',0,0,0,1,1,'2018-08-25 00:00:00'),(586,'ELECTRIC MOTOR 0.75HP',0,0,0,1,1,'2018-08-25 00:00:00'),(587,'LEVEL GLASS BUSH EPDM',0,0,0,1,1,'2018-08-25 00:00:00'),(588,'GLASS TUBE OD 19X1216L',0,0,0,1,1,'2018-08-25 00:00:00'),(589,'GLASS TUBE OD 19X1525L',0,0,0,1,1,'2018-08-25 00:00:00'),(590,'GLASS TUBE OD 19X1518L',0,0,0,1,1,'2018-08-25 00:00:00'),(591,'NUT BOLT SS304 M14X40MM',0,0,0,1,1,'2018-08-25 00:00:00'),(592,'NUT BOLT SS304 M10X40MM',0,0,0,1,1,'2018-08-25 00:00:00'),(593,'NUT BOLT SS304 M12X25MM',0,0,0,1,1,'2018-08-25 00:00:00'),(594,'NUT BOLT SS304 M10X25MM',0,0,0,1,1,'2018-08-25 00:00:00'),(595,'TC LINER SS316 65NB',2,2,0,1,1,'2018-08-25 00:00:00'),(596,'ROD SS316 105MM',100,0,100,4,1,'2018-08-25 00:00:00'),(597,'TC LINER SS316 ORBITE 65NB',0,0,0,1,1,'2018-08-25 00:00:00'),(598,'TC GASKET 65NB',0,0,0,1,1,'2018-08-25 00:00:00'),(599,'TC CLAMP SS304 65NB',0,0,0,1,1,'2018-08-25 00:00:00'),(600,'TC GASKET 50NB',0,0,0,1,1,'2018-08-25 00:00:00'),(601,'BARREL NIPPLE SS304 2',2,2,0,1,1,'2018-08-25 00:00:00'),(602,'BARREL NIPPLE SS304 2\'\'X6\"',1,1,0,1,1,'2018-08-25 00:00:00'),(603,'SOCKET BSP SS304 2\"',1,1,0,1,1,'2018-08-25 00:00:00'),(604,'BARREL NIPPLE BSP SS304 15NBX6\"',2,2,0,1,1,'2018-08-25 00:00:00'),(605,'CHEVRON SEAL 30X45X27MM',0,0,0,1,1,'2018-08-25 00:00:00'),(606,'GEAR BOX AS35 3HP',3,3,0,1,1,'2018-08-25 00:00:00'),(607,'PRESSURE GUAGE SS316 38MM',0,0,0,1,1,'2018-08-25 00:00:00'),(608,'PLATE-1 (4MM THK)',0,0,0,1,1,'2018-08-25 00:00:00'),(609,'PLATE-2 (4MM THK)',0,0,0,1,1,'2018-08-25 00:00:00'),(610,'PLATE-3 (4MM THK)',0,0,0,1,1,'2018-08-25 00:00:00'),(611,'PLATE-4 (4MM THK)',0,0,0,1,1,'2018-08-25 00:00:00'),(612,'GEAR BOX AS20 0.5HP',0,0,0,1,1,'2018-08-25 00:00:00'),(613,'CIRCLE SS304 DIA.115X20MM',0,0,0,1,1,'2018-08-25 00:00:00'),(614,'SELF PRIMING PUMP SS316,HEAD 10, 7.5HP',0,0,0,1,1,'2018-08-25 00:00:00'),(615,'UNION SS304 51MM (MH)',67,67,0,1,1,'2018-08-25 00:00:00'),(616,'COIL SS304 1500X16000X3MM',0,0,0,3,1,'2018-08-25 00:00:00'),(617,'PIPE ERW SS304 38X6000X1.2MM',12,12,0,2,1,'2018-08-25 00:00:00'),(618,'PIPE ERW SS304 38X6000X1.6MM',261,261,0,2,1,'2018-08-25 00:00:00'),(619,'SQUIRE FLANGE SS304 100X100X10MM',0,0,0,1,1,'2018-08-25 00:00:00'),(620,'PIPE SS304 SCH 10 50NB',0,0,0,2,1,'2018-08-25 00:00:00'),(621,'PIPE SS304 SCH 10 15NB',0,0,0,2,1,'2018-08-25 00:00:00'),(622,'PIPE SS304 DIA.150NB SCH 10',0,0,0,2,1,'2018-08-25 00:00:00'),(623,'BAR SS304 DIA.40X1856MM',0,0,0,1,1,'2018-08-25 00:00:00'),(624,'BAR SS304 DIA.16X3000MM',1,1,0,1,1,'2018-08-25 00:00:00'),(625,'SQUIRE PLATE SS304 280X280X15MM',1,1,0,1,1,'2018-08-25 00:00:00'),(626,'FLAT SS304 100X2500X5MM',0,0,0,2,1,'2018-08-25 00:00:00'),(627,'COIL SS304 1500X21000X2.5MM',35,35,0,3,1,'2018-08-25 00:00:00'),(628,'PIPE SS316 19X6000X1.2MM',20,20,0,1,1,'2018-08-25 00:00:00'),(629,'PIPE ERW SS304 89X6000X2MM',4,4,0,1,1,'2018-08-25 00:00:00'),(630,'BAR SS304 DIA.90X3000MM',0,0,0,1,1,'2018-08-25 00:00:00'),(631,'FLAT SS304 40X1250X5MM',8,8,0,2,1,'2018-08-25 00:00:00'),(632,'CIRCLE SS304 DIA.100X12MM',10,10,0,1,1,'2018-08-25 00:00:00'),(633,'BAR SS304 DIA.50X6000MM',0,0,0,1,1,'2018-08-25 00:00:00'),(634,'SHEET SS304 1500X3000X4MM',191,191,0,3,1,'2018-08-25 00:00:00'),(635,'SHEET SS304 1500X3000X2MM',0,0,0,3,1,'2018-08-25 00:00:00'),(636,'BALL VALVE SS316 50NB (UNISON)',1,1,0,1,1,'2018-08-25 00:00:00'),(637,'PIPE ERW SS304 16X1.2MM',0,0,0,2,1,'2018-08-25 00:00:00'),(638,'PIPE CLAMP SS304 63MM',0,0,0,1,1,'2018-08-25 00:00:00'),(639,'PIPE SS304 SCH 10 100 NB',0,0,0,2,1,'2018-08-25 00:00:00'),(640,'BAR SS304 65X1500',0,0,0,1,1,'2018-08-25 00:00:00'),(641,'SQUIRE TUBE SS304 60X40X1.5MM',0,0,0,2,1,'2018-08-25 00:00:00'),(642,'RTD SENSOR SS316 1/2\" BSP DUPLEX 300MM',4,4,0,1,1,'2018-08-25 00:00:00'),(643,'RTD SENSOR SS316 1/2\" BSP SIMPLEX 100MM',1,1,0,1,1,'2018-08-25 00:00:00'),(644,'RTD SENSOR SS316 1/2\" BSP DUPLEX 100MM',6,6,0,1,1,'2018-08-25 00:00:00'),(645,'BAR SS304 20X20X5500MM',0,0,0,1,1,'2018-08-25 00:00:00'),(646,'SQUIRE PLATE SS304 100X100X12MM',0,0,0,1,1,'2018-08-25 00:00:00'),(647,'BAR SS316 75X100MM',0,0,0,1,1,'2018-08-25 00:00:00'),(648,'BEARING UCF207 NTN',3,3,0,1,1,'2018-08-25 00:00:00'),(649,'CIRCLE SS304 DIA.110X15MM',0,0,0,1,1,'2018-08-25 00:00:00'),(650,'CIRCLE SS304 DIA.220X10MM',5,5,0,1,1,'2018-08-25 00:00:00'),(651,'CIRCLE SS304 DIA.155X20MM',0,0,0,1,1,'2018-08-25 00:00:00'),(652,'TEFLON ROD DIA.60X45MM',0,0,0,1,1,'2018-08-25 00:00:00'),(653,'PIPE CLAMP SS304 88.9MM',26,25,1,1,1,'2018-08-25 00:00:00'),(654,'BAFFLE PLATE SS304 3MM',0,0,0,1,1,'2018-08-25 00:00:00'),(655,'BAR SS316 DIA.50X1765MM',0,0,0,1,1,'2018-08-25 00:00:00'),(656,'C SPANNER SS304',2,2,0,1,1,'2018-08-25 00:00:00'),(657,'PIPE ERW SS304 38X1.6MM',30,30,0,2,1,'2018-08-25 00:00:00'),(658,'PIPE ERW SS304 25X1.6MM',54,54,0,2,1,'2018-08-25 00:00:00'),(659,'BAR SS304 5X6100MM',0,0,0,2,1,'2018-08-25 00:00:00'),(660,'SQUIRE FLANGE SS304 350X350X15MM',0,0,0,1,1,'2018-08-25 00:00:00'),(661,'BUTTERFLY VALVE SS304 25MM ',11,11,0,1,1,'2018-08-25 00:00:00'),(662,'BUTTERFLY VALVE SS304 51MM ',7,7,0,1,1,'2018-08-25 00:00:00'),(663,'SHEET SS304 1500X3000X2.5MM',389,389,0,3,1,'2018-08-25 00:00:00'),(664,'TEE SS304 38X25X1.6',0,0,0,1,1,'2018-08-25 00:00:00'),(665,'FLAT SS316 50X4000X12MM',0,0,0,2,1,'2018-08-25 00:00:00'),(666,'1762OW16 MICROLOGICS 1200 SYSTEM OUTPUT MODULE',0,0,0,1,1,'2018-08-25 00:00:00'),(667,'2711PT7C21D8S PLUS 7',1,1,0,1,1,'2018-08-25 00:00:00'),(668,'CONTROL PANEL SS304 1100X700X250',0,0,0,1,1,'2018-08-25 00:00:00'),(669,'CONTROL PANEL SS304 1100X1000X350',0,0,0,1,1,'2018-08-25 00:00:00'),(670,'CONTROL PANEL SS304 600X600X250',0,0,0,1,1,'2018-08-25 00:00:00'),(671,'TEE SS316 25MM (ALFA)',3,3,0,1,1,'2018-08-25 00:00:00'),(672,'TEE SS304 51MM (ALFA)',25,25,0,1,1,'2018-08-25 00:00:00'),(673,'TEE SS304 38MM (ALFA)',0,0,0,1,1,'2018-08-25 00:00:00'),(674,'BUTTERFLY VALVE SS304 38MM',12,12,0,1,1,'2018-08-25 00:00:00'),(675,'VLT MICRO SERIES 5.5HP',2,2,0,1,1,'2018-08-25 00:00:00'),(676,'FLOW DIVERSION VALVE SS316 38MM',2,2,0,1,1,'2018-08-25 00:00:00'),(677,'CENTRIFUGAL PUMP SS304 3000 LPH, HEAD 30, 3 HP',1,1,0,1,1,'2018-08-25 00:00:00'),(678,'CENTRIFUGAL PUMP SS304 3000 LPH, HEAD 20, 2 HP',0,0,0,1,1,'2018-08-25 00:00:00'),(679,'CENTRIFUGAL PUMP SS304 4000 LPH, HEAD 35, 5 HP',0,0,0,1,1,'2018-08-25 00:00:00'),(680,'CENTRIFUGAL PUMP SS304 7000 LPH, HEAD 20, 5 HP',0,0,0,1,1,'2018-08-25 00:00:00'),(681,'CENTRIFUGAL PUMP SS304 10000 LPH, HEAD 30, 5 HP',0,0,0,1,1,'2018-08-25 00:00:00'),(682,'CENTRIFUGAL PUMP SS304 1000 LPH, HEAD 15, 1 HP',2,2,0,1,1,'2018-08-25 00:00:00'),(683,'CENTRIFUGAL PUMP SS304 15000 LPH, HEAD 40, 7.5 HP',0,0,0,1,1,'2018-08-25 00:00:00'),(684,'CENTRIFUGAL PUMP SS304 3000 LPH, HEAD 25, 2 HP',0,0,0,1,1,'2018-08-25 00:00:00'),(685,'GLOBE VALVE 2 WAY 50MM',0,0,0,1,1,'2018-08-25 00:00:00'),(686,'FILTER PRESS SS304 3000 LPH',0,0,0,1,1,'2018-08-25 00:00:00'),(687,'GLOBE VALVE 3 WAY 50MM',0,0,0,1,1,'2018-08-25 00:00:00'),(688,'SINGLE MECHANICAL PUMP SEAL',0,0,0,1,1,'2018-08-25 00:00:00'),(689,'REDUCER ECC SS316 76X38 (ALFA)',0,0,0,1,1,'2018-08-25 00:00:00'),(690,'REDUCER ECC SS316 76X51 (ALFA)',0,0,0,1,1,'2018-08-25 00:00:00'),(691,'PLATE HEAT EXCHANGER 3000 LPH',0,0,0,1,1,'2018-08-25 00:00:00'),(692,'FLOW REGULATING VALVE SS304 51MM',1,1,0,1,1,'2018-08-25 00:00:00'),(693,'SIGHT GLASS OD 125X5MM THK',2,2,0,1,1,'2018-08-25 00:00:00'),(694,'CONTROL VALVE SS304 50MM Y TYPE',1,1,0,1,1,'2018-08-25 00:00:00'),(695,'4 RELAY 1C/O 24VDC',2,2,0,1,1,'2018-08-25 00:00:00'),(696,'6.5 AMP 24 VDC SMPS',0,0,0,1,1,'2018-08-25 00:00:00'),(697,'BAR SS304 30X4500MM',1,1,0,1,1,'2018-08-25 00:00:00'),(698,'BAR SS304 40X800MM',0,0,0,1,1,'2018-08-25 00:00:00'),(699,'BAR SS304 50X800MM',0,0,0,1,1,'2018-08-25 00:00:00'),(700,'BAR SS316 20X3000MM',0,0,0,1,1,'2018-08-25 00:00:00'),(701,'CIRCLE SS304 100X20MM',0,0,0,1,1,'2018-08-25 00:00:00'),(702,'MPCB 0.6 AMP',0,0,0,1,1,'2018-08-25 00:00:00'),(703,'MPCB 36-52 AMP',1,1,0,1,1,'2018-08-25 00:00:00'),(704,'CONTACTOR 63 AMP',2,2,0,1,1,'2018-08-25 00:00:00'),(705,'CONTACTOR 45 AMP',0,0,0,1,1,'2018-08-25 00:00:00'),(706,'STAR DELTA TIMER',0,0,0,1,1,'2018-08-25 00:00:00'),(707,'PIPE SS304 38X1.6MM',39,39,0,2,1,'2018-08-25 00:00:00'),(708,'BALL VALVE SS304 20NB (UNISON)',1,1,0,1,1,'2018-08-25 00:00:00'),(709,'BALL VALVE SS304 50NB (UNISON)',0,0,0,1,1,'2018-08-25 00:00:00'),(710,'HYDROPNEUMATIC EXPANSION TANK 24 LTR',0,0,0,1,1,'2018-08-25 00:00:00'),(711,'CIRCLE SS304 DIA.180X95X16MM',0,0,0,1,1,'2018-08-25 00:00:00'),(712,'END CAP SS304 3\"',0,0,0,1,1,'2018-08-25 00:00:00'),(713,'BAR SS304 DIA.70X150MM',0,0,0,1,1,'2018-08-25 00:00:00'),(714,'BAR SS316 70X100MM',0,0,0,1,1,'2018-08-25 00:00:00'),(715,'MS4-WB MOUNTING BRACKET',0,0,0,1,1,'2018-08-25 00:00:00'),(716,'QH-1/2 BALL VALVE',0,0,0,1,1,'2018-08-25 00:00:00'),(717,'QS-1/2-10 PUSH IN FITTING',0,0,0,1,1,'2018-08-25 00:00:00'),(718,'U-1/8 SILENCER',0,0,0,1,1,'2018-08-25 00:00:00'),(719,'QST-10-6 PUSH-IN T-CONN',0,0,0,1,1,'2018-08-25 00:00:00'),(720,'MS4-LFR-1/4-D7-ERM-AS FILT.REGULATOR',0,0,0,1,1,'2018-08-25 00:00:00'),(721,'VABM-L1-10S-G18-6 MANIFOLD RAIL',0,0,0,1,1,'2018-08-25 00:00:00'),(722,'QSM-M7-6-1 PUSH IN FITTING',0,0,0,1,1,'2018-08-25 00:00:00'),(723,'NEBV-H1G2-KN-0.5-N-LE2 PLUG CABLE',0,0,0,1,1,'2018-08-25 00:00:00'),(724,'VALVE-L1-1VH2-LP SUB. BASE',0,0,0,1,1,'2018-08-25 00:00:00'),(725,'VABD-L1-10X-S-M7 SEAL',0,0,0,1,1,'2018-08-25 00:00:00'),(726,'QS-G1/8-10-I PUSH IN FITTING',0,0,0,1,1,'2018-08-25 00:00:00'),(727,'MCB-2 POLE 6 AMP',10,10,0,1,1,'2018-08-25 00:00:00'),(728,'MCB-1 POLE 6 AMP',30,30,0,1,1,'2018-08-25 00:00:00'),(729,'MCB-3 POLE 13 AMP',0,0,0,1,1,'2018-08-25 00:00:00'),(730,'MPCB 10-16 AMP 7.5HP',0,0,0,1,1,'2018-08-25 00:00:00'),(731,'MPCB 6-10 AMP 5HP',0,0,0,1,1,'2018-08-25 00:00:00'),(732,'MPCB 4-6 AMP 3HP',0,0,0,1,1,'2018-08-25 00:00:00'),(733,'MPCB 2.4-4 AMP 2HP',0,0,0,1,1,'2018-08-25 00:00:00'),(734,'MPCB 1.6-2.4 AMP 1HP',0,0,0,1,1,'2018-08-25 00:00:00'),(735,'CONTACTOR 9 AMP',0,0,0,1,1,'2018-08-25 00:00:00'),(736,'CONTACTOR 12 AMP',0,0,0,1,1,'2018-08-25 00:00:00'),(737,'ADORN NO BLOCK',0,0,0,1,1,'2018-08-25 00:00:00'),(738,'ADORN NC BLOCK',0,0,0,1,1,'2018-08-25 00:00:00'),(739,'SS/PU/BK/4X1.1/4',0,0,0,1,1,'2018-08-25 00:00:00'),(740,'SS/PU/SW/4X1.1/4',2,2,0,1,1,'2018-08-25 00:00:00'),(741,'LFR-1/2-D-O-MIDI FILT.REGULATOR',0,0,0,1,1,'2018-08-25 00:00:00'),(742,'MFH-3-1/8 SOLENOID VALVE',0,0,0,1,1,'2018-08-25 00:00:00'),(743,'MSFG-24/42-50/60 SOLENOID COIL',0,0,0,1,1,'2018-08-25 00:00:00'),(744,'QS-1/8-6 PUSH IN FITTING',0,0,0,1,1,'2018-08-25 00:00:00'),(745,'QST-6 PUSH IN T CONN',0,0,0,1,1,'2018-08-25 00:00:00'),(746,'SPAE P10R S6 PNLK-2.5K PRESSURE SENSOR',0,0,0,1,1,'2018-08-25 00:00:00'),(747,'QS-1/4-10 PUSH IN FITTING',0,0,0,1,1,'2018-08-25 00:00:00'),(748,'B-1/8 BLANKING PLUG',0,0,0,1,1,'2018-08-25 00:00:00'),(749,'LATCH DSNL',0,0,0,1,1,'2018-08-25 00:00:00'),(750,'FAN 4\" JAINSON MAKE',0,0,0,1,1,'2018-08-25 00:00:00'),(751,'PANEL L.E.D FITTING 5 WATT',0,0,0,1,1,'2018-08-25 00:00:00'),(752,'TEKNIC NO,NC ELEMENT',25,25,0,1,1,'2018-08-25 00:00:00'),(753,'FC 9 GLAND',0,0,0,1,1,'2018-08-25 00:00:00'),(754,'FC 11 GLAND',5,5,0,1,1,'2018-08-25 00:00:00'),(755,'FC 16 GLAND',8,8,0,1,1,'2018-08-25 00:00:00'),(756,'FC 19 GLAND',0,0,0,1,1,'2018-08-25 00:00:00'),(757,'VOLT METER 96X96',0,0,0,1,1,'2018-08-25 00:00:00'),(758,'2 POSITION SELECTOR SWITCH',0,0,0,1,1,'2018-08-25 00:00:00'),(759,'SALZER MY2N RELAY 24V',0,0,0,1,1,'2018-08-25 00:00:00'),(760,'RELAY MY2N BASE',0,0,0,1,1,'2018-08-25 00:00:00'),(761,'DOOR SWITCH',0,0,0,1,1,'2018-08-25 00:00:00'),(762,'6 AMP SS COMBINED BOX',0,0,0,1,1,'2018-08-25 00:00:00'),(763,'CONNECTWELL EP1 PLATE',0,0,0,1,1,'2018-08-25 00:00:00'),(764,'CONNECTWELL CA702',0,0,0,1,1,'2018-08-25 00:00:00'),(765,'BAR SS304 5MM',0,0,0,2,1,'2018-08-25 00:00:00'),(766,'PLATE SS316 100X5',0,0,0,2,1,'2018-08-25 00:00:00'),(767,'SOCKET BSP SS304 1\"',1,1,0,1,1,'2018-08-25 00:00:00'),(768,'POLYOL',5,5,0,3,1,'2018-08-25 00:00:00'),(769,'MDI',5,5,0,3,1,'2018-08-25 00:00:00'),(770,'BOLT SS304 M12X20MM',0,0,0,1,1,'2018-08-25 00:00:00'),(771,'BOLT SS304 M10X20',0,0,0,1,1,'2018-08-25 00:00:00'),(772,'NUT BOLT SS304 M12X40',0,0,0,1,1,'2018-08-25 00:00:00'),(773,'NUT BOLT SS304 M14X50',0,0,0,1,1,'2018-08-25 00:00:00'),(774,'NUT BOLT SS304 M12X50',0,0,0,1,1,'2018-08-25 00:00:00'),(775,'NUT BOLT SS304 M16X50',0,0,0,1,1,'2018-08-25 00:00:00'),(776,'WOODEN CRAITE 30\"X16\"X61\"',0,0,0,1,1,'2018-08-25 00:00:00'),(777,'WOODEN CRAITE 28\"X28\"X51\"',0,0,0,1,1,'2018-08-25 00:00:00'),(778,'WOODEN CRAITE 26\"X26\"X57\"',0,0,0,1,1,'2018-08-25 00:00:00'),(779,'WOODEN CRAITE 69\"X41\"X37\"',0,0,0,1,1,'2018-08-25 00:00:00'),(780,'WOODEN CRAITE 53\"X32\"X53\"',0,0,0,1,1,'2018-08-25 00:00:00'),(781,'WOODEN CRAITE 71\"X39\"X60\"',0,0,0,1,1,'2018-08-25 00:00:00'),(782,'WOODEN BOX 32\"X16\"X46\"',0,0,0,1,1,'2018-08-25 00:00:00'),(783,'WOODEN BOX 45\"X17\"X46\"',0,0,0,1,1,'2018-08-25 00:00:00'),(784,'WOODEN BOX 28\"X27\"X15\"',0,0,0,1,1,'2018-08-25 00:00:00'),(785,'WOODEN BOX 80\"X8\"X8\"',0,0,0,1,1,'2018-08-25 00:00:00'),(786,'ELECTROMAGNETIC FLOW METER SS316',1,1,0,1,1,'2018-08-25 00:00:00'),(787,'PAPERLESS RECORDER PR-20',0,0,0,1,1,'2018-08-25 00:00:00'),(788,'MS4-LR-1/8-D5-AS PRESSURE REGULATOR',0,0,0,1,1,'2018-08-25 00:00:00'),(789,'WIRE 10 SQ MM GRAY',100,100,0,2,1,'2018-08-25 00:00:00'),(790,'WIRE 0.75 SQ MM GRAY',200,200,0,2,1,'2018-08-25 00:00:00'),(791,'WIRE 0.75 SQ MM YELLOW',200,200,0,2,1,'2018-08-25 00:00:00'),(792,'UNION SS304 63MM',0,0,0,1,1,'2018-08-25 00:00:00'),(793,'UNION SS304 38MM',70,0,70,1,1,'2018-08-25 00:00:00'),(794,'BAR SS304 12X10000MM',0,0,0,2,1,'2018-08-25 00:00:00'),(795,'BAR SS304 40X52MM',4,4,0,1,1,'2018-08-25 00:00:00'),(796,'FLAT SS304 100X3000X10MM',0,0,0,2,1,'2018-08-25 00:00:00'),(797,'FLAT SS304 100X2000X5MM',2,2,0,2,1,'2018-08-25 00:00:00'),(798,'BAR SS304 35X1580MM',0,0,0,1,1,'2018-08-25 00:00:00'),(799,'BAR SS304 60X120MM',0,0,0,1,1,'2018-08-25 00:00:00'),(800,'BAR SS304 DIA.65X35MM',5,5,0,1,1,'2018-08-25 00:00:00'),(801,'BAR SS304 DIA.60X100MM',4,4,0,1,1,'2018-08-25 00:00:00'),(802,'SQUIRE PLATE SS304 280X280X12MM',7,7,0,1,1,'2018-08-25 00:00:00'),(803,'BEARING UCF206 NTN',2,2,0,1,1,'2018-08-25 00:00:00'),(804,'GLASS TUBE OD 19X1782L',0,0,0,1,1,'2018-08-25 00:00:00'),(805,'GLASS TUBE OD 19X1784L',0,0,0,1,1,'2018-08-25 00:00:00'),(806,'GLASS TUBE OD 19X1828L',0,0,0,1,1,'2018-08-25 00:00:00'),(807,'GLASS TUBE OD 19X1812L',0,0,0,1,1,'2018-08-25 00:00:00'),(808,'GLASS TUBE OD 19X1505L',0,0,0,1,1,'2018-08-25 00:00:00'),(809,'WIRE 0.75 SQ MM ORANGE',200,200,0,2,1,'2018-08-25 00:00:00'),(810,'VUVG-L10-T32C-M7-1P3 SOLENOID VALVE',0,0,0,1,1,'2018-08-25 00:00:00'),(811,'FOOD GRADE HOSE PIPE 38MM',1,1,0,1,1,'2018-08-25 00:00:00'),(812,'WIRE 0.5 SQMM X 3 CORE BLACK',60,60,0,2,1,'2018-08-25 00:00:00'),(813,'WIRE 0.5 SQMM X 6 CORE BLACK',100,100,0,2,1,'2018-08-25 00:00:00'),(814,'WIRE 16SQ MM X 1 CORE GRAY',0,0,0,2,1,'2018-08-25 00:00:00'),(815,'PU TUBE DIA.6 MM MAKE JANATICS',30,30,0,2,1,'2018-08-25 00:00:00'),(816,'CIRCLE SS304 DIA.115X28MM',2,0,2,1,1,'2018-08-25 00:00:00'),(817,'CIRCLE SS304 DIA.125X12MM',1,0,1,1,1,'2018-08-25 00:00:00'),(818,'CIRCLE SS304 DIA.105X10MM',1,0,1,1,1,'2018-08-25 00:00:00'),(819,'GLASS TUBE OD 19X1444',0,0,0,1,1,'2018-08-25 00:00:00'),(820,'GLASS TUBE OD 19X1410',0,0,0,1,1,'2018-08-25 00:00:00'),(821,'HEX NIPPLE SS304 1/2\" BSP',0,0,0,1,1,'2018-08-25 00:00:00'),(822,'TC LINER SS304 38MM',3,3,0,1,1,'2018-08-25 00:00:00'),(823,'BAR SS304 DIA.90X280MM',0,0,0,3,1,'2018-08-25 00:00:00'),(824,'BAR SS304 DIA.90X80',0,0,0,3,1,'2018-08-25 00:00:00'),(825,'BAR SS304 DIA.102X30',0,0,0,3,1,'2018-08-25 00:00:00'),(826,'PIPE ERW SS304 63X6000X1.6MM',0,0,0,2,1,'2018-08-25 00:00:00'),(827,'PIPE ERW SS304 51X6000X1.6MM',24,24,0,2,1,'2018-08-25 00:00:00'),(828,'SQUIRE PLATE SS304 100X100X5MM',0,0,0,1,1,'2018-08-25 00:00:00'),(829,'CIRCLE SS304 DIA.210X10',4,4,0,1,1,'2018-08-25 00:00:00'),(830,'HIGH PRESSURE HOMOGENISER 3000 LPH',0,0,0,1,1,'2018-08-25 00:00:00'),(831,'GLASS TUBE OD 50X72MM',17,17,0,1,1,'2018-08-25 00:00:00'),(832,'AIR ACTUATOR',0,0,0,1,1,'2018-08-25 00:00:00'),(833,'REDUCER CON SS316 51X25 (ALFA)',0,0,0,1,1,'2018-08-25 00:00:00'),(834,'TEE SS316 38MM (ALFA)',6,6,0,1,1,'2018-08-25 00:00:00'),(835,'REDUCER CON SS316 38X25 (ALFA)',0,0,0,1,1,'2018-08-25 00:00:00'),(836,'SERVICE KIT EPDM BFV 51MM (ALFA)',0,0,0,1,1,'2018-08-25 00:00:00'),(837,'CIRCLE SS304 DIA.115X25MM',0,0,0,3,1,'2018-08-25 00:00:00'),(838,'SHEET SS304 1250X2500X1.6MM',38,38,0,3,1,'2018-08-25 00:00:00'),(839,'LEVEL SWITCH RTD TYPE',0,0,0,1,1,'2018-08-25 00:00:00'),(840,'TEE SS304 63MM (SWS)',0,0,0,1,1,'2018-08-25 00:00:00'),(841,'SIGHT GLASS SS316 51MM',0,0,0,1,1,'2018-08-25 00:00:00'),(842,'FLOW METER 50H40-1JP7/0',0,0,0,1,1,'2018-08-25 00:00:00'),(843,'FLOW METER CLD132-PSMS50HB1',0,0,0,1,1,'2018-08-25 00:00:00'),(844,'HY FLOW TANK',2,0,2,1,1,'2018-08-25 00:00:00'),(845,'FLOAT BALANCE TANK',1,0,1,1,1,'2018-08-25 00:00:00'),(846,'PANEL',2,0,2,1,1,'2018-08-25 00:00:00'),(847,'CENTRIFUGAL PUMP SS304 3000LPH,10MWC,1HP',0,0,0,1,1,'2018-08-25 00:00:00'),(848,'REDUCER CON SS304 63X51MM (SW)',0,0,0,1,1,'2018-08-25 00:00:00'),(849,'BEARING DOUBLE ROLLER 1211 NTN',0,0,0,1,1,'2018-08-25 00:00:00'),(850,'BEARING DOUBLE ROLLER 1206 NTN',0,0,0,1,1,'2018-08-25 00:00:00'),(851,'MS CHANEL 7216',121,121,0,3,1,'2018-08-25 00:00:00'),(852,'PROGRESIVE CAVITY PUMP 1HP',0,0,0,1,1,'2018-08-25 00:00:00'),(853,'ANCHOR BOLT GI M12X100',0,0,0,1,1,'2018-08-25 00:00:00'),(854,'CIRCLE SS304 DIA.150X5MM',0,0,0,1,1,'2018-08-25 00:00:00'),(855,'TC FITTING SS316 51MM',60,60,0,1,1,'2018-08-25 00:00:00'),(856,'TC FITTING SS316 25MM',14,14,0,1,1,'2018-08-25 00:00:00'),(857,'MS PLATE 150X150X10MM',0,0,0,1,1,'2018-08-25 00:00:00'),(858,'TEE SS304 51X38MM',0,0,0,1,1,'2018-08-25 00:00:00'),(859,'BARREL NIPPLE SS304 11/2\"X4',0,0,0,1,1,'2018-08-25 00:00:00'),(860,'CHEQUERED PLATE SS304 1300X2510X3MM',25,25,0,1,1,'2018-08-25 00:00:00'),(861,'MS PIPE C CLASS DIA.65NB',0,0,0,2,1,'2018-08-25 00:00:00'),(862,'MS PIPE C CLASS DIA.50NB',0,0,0,2,1,'2018-08-25 00:00:00'),(863,'CHAMPION GASKET 50NB',0,0,0,1,1,'2018-08-25 00:00:00'),(864,'CHAMPION GASKET 65NB',0,0,0,1,1,'2018-08-25 00:00:00'),(865,'CHAMPION GASKET 15NB',0,0,0,1,1,'2018-08-25 00:00:00'),(866,'HOSE CLAMP SS304 1\"',4,4,0,1,1,'2018-08-25 00:00:00'),(867,'HOSE NIPPLE SS304 1\"',0,0,0,1,1,'2018-08-25 00:00:00'),(868,'MS BEND SEAMLESS DIA.65NB',0,0,0,1,1,'2018-08-25 00:00:00'),(869,'MS BEND SEAMLESS DIA.50NB',0,0,0,1,1,'2018-08-25 00:00:00'),(870,'MS TEE 65NB',0,0,0,1,1,'2018-08-25 00:00:00'),(871,'MS FLANGE DIA.65NB',0,0,0,1,1,'2018-08-25 00:00:00'),(872,'MS FLANGE DIA.50NB',0,0,0,1,1,'2018-08-25 00:00:00'),(873,'MS BLIND FLANGE DIA.65NB',0,0,0,1,1,'2018-08-25 00:00:00'),(874,'MS REDUCER 80X50NB',0,0,0,1,1,'2018-08-25 00:00:00'),(875,'BEND SS316 76MM (ALFA)',9,9,0,1,1,'2018-08-25 00:00:00'),(876,'TEE UNEQUAL SS316 76X25MM (ALFA)',0,0,0,1,1,'2018-08-25 00:00:00'),(877,'TEE UNEQUAL SS316 76X51MM (ALFA)',0,0,0,1,1,'2018-08-25 00:00:00'),(878,'FLOW REGULATING VALVE SS316 51MM',0,0,0,1,1,'2018-08-25 00:00:00'),(879,'PIPE SS316 76X1.6MM',12,12,0,2,1,'2018-08-25 00:00:00'),(880,'REDUCER CON SS316 51X38 (ALFA)',5,5,0,1,1,'2018-08-25 00:00:00'),(881,'BEND SS316 38MM (ALFA)',13,13,0,1,1,'2018-08-25 00:00:00'),(882,'TEE SS316 51X38X1.6MM (ALFA)',3,3,0,1,1,'2018-08-25 00:00:00'),(883,'TC FITTING SS316 76MM',15,15,0,1,1,'2018-08-25 00:00:00'),(884,'PERFORATED SHEET SS316 1000X2500 MM',2,2,0,1,1,'2018-08-25 00:00:00'),(885,'8.8 AMP 24 VDC SMPS',1,1,0,1,1,'2018-08-25 00:00:00'),(886,'UNION SS304 88.9MM (MH)',0,0,0,1,1,'2018-08-25 00:00:00'),(887,'CHEQUERED PLATE SS304 1250X2500X3MM',77,77,0,3,1,'2018-08-25 00:00:00'),(888,'CIRCLE SS316 65X15MM',1,1,0,3,1,'2018-08-25 00:00:00'),(889,'CIRCLE SS316 60X10MM',1,1,0,3,1,'2018-08-25 00:00:00'),(890,'BALL VALVE SS304 WELD 40NB (UNISON)',2,2,0,1,1,'2018-08-25 00:00:00'),(891,'1766L32BWAA POINT CONTROLLER',3,3,0,1,1,'2018-08-25 00:00:00'),(892,'17620B8 MICROLOGIX 8 POINT DIGIT AI OUTPUT MODULE',2,2,0,1,1,'2018-08-25 00:00:00'),(893,'1762IF20F2 MICROLOGIX 4 POINT ANALOG COMB MODULE',3,3,0,1,1,'2018-08-25 00:00:00'),(894,'MAGNETIC SIDE MOUNTED LEVEL FLOAT SWITCH SS316',0,0,0,1,1,'2018-08-25 00:00:00'),(895,'Q TYPE SYPHON SS304 1/2\" BSP',1,1,0,1,1,'2018-08-25 00:00:00'),(896,'GEAR BOX AS 16 F 5.53 P B5 V1',3,3,0,1,1,'2018-08-25 00:00:00'),(897,'MOTOR BE 71 B4 B5',3,3,0,1,1,'2018-08-25 00:00:00'),(898,'PLATE HEAT EXCHANGER 4000 LPH',4,4,0,1,1,'2018-08-25 00:00:00'),(899,'GC35MH-32MR-D',1,1,0,1,1,'2018-08-25 00:00:00'),(900,'BAR SS304 DIA.70X100MM',9,9,0,1,1,'2018-08-25 00:00:00'),(901,'FLAT SS304 40X5MM',21,21,0,2,1,'2018-08-25 00:00:00'),(902,'SQUIRE PLATE SS304 215X215X12',1,1,0,1,1,'2018-08-25 00:00:00'),(903,'SQUIRE PLATE SS304 100X1000X5MM',1,1,0,1,1,'2018-08-25 00:00:00'),(904,'BAR SS304 35X1140',1,1,0,1,1,'2018-08-25 00:00:00'),(905,'BAR SS304 55X120',1,1,0,1,1,'2018-08-25 00:00:00'),(906,'BAR SS304 65X102',1,1,0,1,1,'2018-08-25 00:00:00'),(907,'BAR SS304 DIA.45X2530 MM',3,3,0,1,1,'2018-08-25 00:00:00'),(908,'BAR SS304 DIA.65X40MM',3,3,0,1,1,'2018-08-25 00:00:00'),(909,'BAR SS304 DIA.38X51MM',6,6,0,1,1,'2018-08-25 00:00:00'),(910,'COIL SS304 1500X3MM',1525,1525,0,3,1,'2018-08-25 00:00:00'),(911,'PIPE SS304 SCH 10 25NB',18,18,0,2,1,'2018-08-25 00:00:00'),(912,'PIPE SS304 25X2MM',12,12,0,2,1,'2018-08-25 00:00:00'),(913,'SQUIRE PLATE SS304 282X282X15MM',3,3,0,1,1,'2018-08-25 00:00:00'),(914,'FLAT SS304 100X1500X10MM',1,1,0,1,1,'2018-08-25 00:00:00'),(915,'CIRCLE SS304 DIA.225X10MM',3,3,0,1,1,'2018-08-25 00:00:00'),(916,'FLAT SS304 100X5000X5MM',5,5,0,2,1,'2018-08-25 00:00:00'),(917,'BAR SS316 85X85',2,2,0,1,1,'2018-08-25 00:00:00'),(918,'FLAT  SS316 50X350X16MM',1,1,0,1,1,'2018-08-25 00:00:00'),(919,'SINGLE SOLENOID VALVE 1/4X3/2',16,16,0,1,1,'2018-08-25 00:00:00'),(920,'MANIFOLD M0510208 1/4 3/2',2,2,0,1,1,'2018-08-25 00:00:00'),(921,'FRC-1/4',2,2,0,1,1,'2018-08-25 00:00:00'),(922,'A2C01 CLAMP FOR REGULATOR 1/4',2,2,0,1,1,'2018-08-25 00:00:00'),(923,'A2G02 PRESSURE GUAGE 1/8',2,2,0,1,1,'2018-08-25 00:00:00'),(924,'ASC0161 SILENCER 1/4',2,2,0,1,1,'2018-08-25 00:00:00'),(925,'WP2110650 MALE CONN 1/8X6',16,16,0,1,1,'2018-08-25 00:00:00'),(926,'WP2110851 MALE CONN 1/4X8',16,16,0,1,1,'2018-08-25 00:00:00'),(927,'PMC-24V100W1AA',2,2,0,1,1,'2018-08-25 00:00:00'),(928,'DIN RAIL CLAMP FOR SMPS PMX3',1,1,0,1,1,'2018-08-25 00:00:00'),(929,'GEAR BOX 0.5HP',1,1,0,1,1,'2018-08-25 00:00:00'),(930,'BALL FLOAT STEAM TRAP 25NB',1,1,0,1,1,'2018-08-25 00:00:00'),(931,'LOBE PUMP SS304 1000LPH',1,1,0,1,1,'2018-08-25 00:00:00'),(932,'FOOD GRADE HOSE PIPE 38X51MM',1,1,0,1,1,'2018-08-25 00:00:00'),(933,'CENTRIFUGAL PUMP SS304 2000 LPH, HEAD 20, 2HP',2,2,0,1,1,'2018-08-25 00:00:00'),(934,'GEAR BOX AS16 0.5HP',4,4,0,1,1,'2018-08-25 00:00:00'),(935,'UNION GASKET EPDM 63MM',40,40,0,1,1,'2018-08-25 00:00:00'),(936,'UNION GASKET EPDM 38MM',20,20,0,1,1,'2018-08-25 00:00:00'),(937,'BALL VALVE GASKET SET 50NB UNISON',1,1,0,1,1,'2018-08-25 00:00:00'),(938,'AEROFOAM XLPE TUBE 40X9 MM',30,30,0,1,1,'2018-08-25 00:00:00'),(939,'SHAFT SS316 3HP PUMP',1,1,0,1,1,'2018-08-25 00:00:00'),(940,'PIPE SS304 SEMI ERW 38X1.6MM',90,90,0,2,1,'2018-08-25 00:00:00'),(941,'AGITATOR SEAL SS316 25.0 MM',2,2,0,1,1,'2018-08-25 00:00:00'),(942,'GASKET EPDMP CLIP ON',19,19,0,1,1,'2018-08-25 00:00:00'),(943,'GASKET EPDM A TYPE',9,9,0,1,1,'2018-08-25 00:00:00'),(944,'GASKET EPDM B TYPE',9,9,0,1,1,'2018-08-25 00:00:00'),(945,'1762IQ8 MICROLOGIX 8 POINT DIGITAL OUTPUT MODULE',1,1,0,1,1,'2018-08-25 00:00:00'),(946,'1762OB16 MICROLOGIX 16 POINT D/O MODULE',1,1,0,1,1,'2018-08-25 00:00:00'),(947,'1762IR4 MICROLOGIX 4 POINT MODULE',1,1,0,1,1,'2018-08-25 00:00:00'),(948,'2 TIRE LAMP DC WITH BUZZER',1,1,0,1,1,'2018-08-25 00:00:00'),(949,'PMT-24V350W1AG',1,1,0,1,1,'2018-08-25 00:00:00'),(950,'16 RELAY 1C/O 24VDC',2,2,0,1,1,'2018-08-25 00:00:00'),(951,'2 TIRE LAMP 230V',2,2,0,1,1,'2018-08-25 00:00:00'),(952,'VLT MICRO SERIES 15HP',1,1,0,1,1,'2018-08-25 00:00:00'),(953,'TEMP INDICATOR 92X42',1,1,0,1,1,'2018-08-25 00:00:00'),(954,'LEVEL FLOAT SWITCH',5,5,0,1,1,'2018-08-25 00:00:00'),(955,'RTD SENSOR SS304 1/2\" BSP SIMPLEX',1,1,0,1,1,'2018-08-25 00:00:00'),(956,'RTD SENSOR SS304 1/4\" BSP SIMPLEX',5,5,0,1,1,'2018-08-25 00:00:00'),(957,'CIRCLE SS304 DIA.160X15MM',12,12,0,1,1,'2018-08-25 00:00:00'),(958,'TEFLON ROD DIA.60X40MM',3,3,0,1,1,'2018-08-25 00:00:00'),(959,'HEX NUT SS304 M10',10,10,0,1,1,'2018-08-25 00:00:00'),(960,'HEX NUT SS304 M12',120,120,0,1,1,'2018-08-25 00:00:00'),(961,'MANHOLE SS304 DIA.223MM',2,2,0,1,1,'2018-08-25 00:00:00'),(962,'SPRAY BALL SS304 38MM',2,2,0,1,1,'2018-08-25 00:00:00'),(963,'352A SS304',1,1,0,1,1,'2018-08-25 00:00:00'),(964,'355A SS304',1,1,0,1,1,'2018-08-25 00:00:00'),(965,'352B SS304',1,1,0,1,1,'2018-08-25 00:00:00'),(966,'336A SS304',1,1,0,1,1,'2018-08-25 00:00:00'),(967,'355B SS304',1,1,0,1,1,'2018-08-25 00:00:00'),(968,'355B SS304 / ITEM NO. 1',1,1,0,1,1,'2018-08-25 00:00:00'),(969,'352C SS304',1,1,0,1,1,'2018-08-25 00:00:00'),(970,'355A SS304 / ITEM NO.1',1,1,0,1,1,'2018-08-25 00:00:00'),(971,'PIPE SS304 ERW 76X1.6MM',66,66,0,2,1,'2018-08-25 00:00:00'),(972,'HEX BOLT SS304 M10X20',36,36,0,1,1,'2018-08-25 00:00:00'),(973,'CENTRIFUGAL PUMP SS304 10000 LPH, HEAD 15, 3 HP',1,1,0,1,1,'2018-08-25 00:00:00'),(974,'CENTRIFUGAL PUMP SS304 5000 LPH, HEAD 20, 3 HP',1,1,0,1,1,'2018-08-25 00:00:00'),(975,'SS/PT/PU/SW/3X1.1/4',2,2,0,1,1,'2018-08-25 00:00:00'),(976,'SS/PU/BK/3X1.1/4',2,2,0,1,1,'2018-08-25 00:00:00'),(977,'SRC 3WAY VALVE SS304 38MM',1,1,0,1,1,'2018-08-25 00:00:00'),(978,'HMI GS2107-WTBD',1,1,0,1,1,'2018-08-25 00:00:00'),(979,'BUTTERFLY VALVE SS316 25MM',8,8,0,1,1,'2018-08-25 00:00:00'),(980,'BUTTERFLY VALVE WITH PNEMATIC SS316 63MM',8,8,0,1,1,'2018-08-25 00:00:00'),(981,'BUTTERFLY VALVE WITH PNEMATIC SS316 51MM',16,16,0,1,1,'2018-08-25 00:00:00'),(982,'BUTTERFLY VALVE SS316 51MM',3,3,0,1,1,'2018-08-25 00:00:00'),(983,'TC FITTING SS316 63MM',20,20,0,1,1,'2018-08-25 00:00:00'),(984,'GLASS TUBE OD 19X2447L',3,3,0,1,1,'2018-08-25 00:00:00'),(985,'HEX BOLT SS304 M12X20',35,35,0,1,1,'2018-08-25 00:00:00'),(986,'HEX BOLT SS304 M10X16',31,31,0,1,1,'2018-08-25 00:00:00'),(987,'PIPE SS316 63X1.6MM',12,12,0,2,1,'2018-08-25 00:00:00'),(988,'BAR SS304 35X1615',3,3,0,1,1,'2018-08-25 00:00:00'),(989,'BAR SS304 DIA.60X115MM',4,4,0,1,1,'2018-08-25 00:00:00'),(990,'BAR SS304 16X600MM',1,1,0,1,1,'2018-08-25 00:00:00'),(991,'BAR SS304 30X1585MM',2,2,0,1,1,'2018-08-25 00:00:00'),(992,'BEND SS304 150 NB',1,1,0,1,1,'2018-08-25 00:00:00'),(993,'BEND SS304 75 NB',2,2,0,1,1,'2018-08-25 00:00:00'),(994,'BEND SS304 50 NB',1,1,0,1,1,'2018-08-25 00:00:00'),(995,'CIRCLE SS304 DIA.210X20MM',2,2,0,1,1,'2018-08-25 00:00:00'),(996,'BAR SS304 40X100',2,2,0,1,1,'2018-08-25 00:00:00'),(997,'BAR SS304 50X100',2,2,0,1,1,'2018-08-25 00:00:00'),(998,'BAR SS304 40X51',4,4,0,1,1,'2018-08-25 00:00:00'),(999,'SHEET SS304 1250X2500X4MM',300,300,0,3,1,'2018-08-25 00:00:00'),(1000,'SHEET SS304 1250X2500X5MM',124,124,0,3,1,'2018-08-25 00:00:00'),(1001,'PIPE SS304 SEAMLESS DIA.16X1.2MM',61,61,0,2,1,'2018-08-25 00:00:00'),(1002,'BUTTERFLY VALVE SS316 38MM',2,2,0,1,1,'2018-08-25 00:00:00'),(1003,'MANHOLE SS316 DIA.302 MM',1,1,0,1,1,'2018-08-25 00:00:00'),(1004,'TC FITTING SS316 38MM',2,2,0,1,1,'2018-08-25 00:00:00'),(1005,'SPRAY BALL SS316 25MM',1,1,0,1,1,'2018-08-25 00:00:00'),(1006,'SHAFT SS316 7.5HP',1,1,0,1,1,'2018-08-25 00:00:00'),(1007,'DOUBLE MECHANICAL SHAFT SEAL 7.5HP',1,1,0,1,1,'2018-08-25 00:00:00'),(1008,'CONDUCTIVITY METER AF14',2,2,0,1,1,'2018-08-25 00:00:00'),(1009,'ACCESSORIES ZPH1',2,2,0,1,1,'2018-08-25 00:00:00'),(1010,'FLOW SENSOR PF20',2,2,0,1,1,'2018-08-25 00:00:00'),(1011,'WELDING SOCKET FOR FLOW SENSOR SS316',2,2,0,1,1,'2018-08-25 00:00:00'),(1012,'HYDROSTATIK LEVEL SENSOR',3,3,0,1,1,'2018-08-25 00:00:00'),(1013,'WELDING SOCKET FOR LEVEL SENSOR SS316',3,3,0,1,1,'2018-08-25 00:00:00'),(1014,'TEFLON BUSH 60X25X40MM THK',6,6,0,1,1,'2018-08-25 00:00:00'),(1015,'MALE PART SS304 51MM (MH)',4,4,0,1,1,'2018-08-25 00:00:00'),(1016,'CONTROL PANEL SS304 800X700X250',1,1,0,1,1,'2018-08-25 00:00:00'),(1017,'CONTROL PANEL SS304 1400X1000X300',1,1,0,1,1,'2018-08-25 00:00:00'),(1018,'MAGNETIC TRAP 2\"',1,1,0,1,1,'2018-08-25 00:00:00'),(1019,'ASC0162 SILENCER 3/8\"',2,2,0,1,1,'2018-08-25 00:00:00'),(1020,'OREVA 5W LED PANEL TUBE',5,5,0,1,1,'2018-08-25 00:00:00'),(1021,'CONTACTOR 3TF30 230V',30,30,0,1,1,'2018-08-25 00:00:00'),(1022,'CONTACTOR 3TF31 230V',10,10,0,1,1,'2018-08-25 00:00:00'),(1023,'MPCB 28-40 AMP',1,1,0,1,1,'2018-08-25 00:00:00'),(1024,'MPCB 10-16 AMP',3,3,0,1,1,'2018-08-25 00:00:00'),(1025,'MPCB 4-6 AMP',10,10,0,1,1,'2018-08-25 00:00:00'),(1026,'MCB-2 POLE 10 AMP',5,5,0,1,1,'2018-08-25 00:00:00'),(1027,'LUGS 0.5 SQ.MM TWIN',100,100,0,1,1,'2018-08-25 00:00:00'),(1028,'LUGS 0.5 SQ.MM L8',100,100,0,1,1,'2018-08-25 00:00:00'),(1029,'LUGS 1.5 SQ.MM L8',100,100,0,1,1,'2018-08-25 00:00:00'),(1030,'SELECT MV 305',5,5,0,1,1,'2018-08-25 00:00:00'),(1031,'MPCB 13-40-1MJ00 2.5-4 AMP',15,15,0,1,1,'2018-08-25 00:00:00'),(1032,'MPCB 13-40-1MG00 1-1.6 AMP',15,15,0,1,1,'2018-08-25 00:00:00'),(1033,'CONNECTWELL CTS 10U',100,100,0,1,1,'2018-08-25 00:00:00'),(1034,'CONNECTWELL CTS 6U',100,100,0,1,1,'2018-08-25 00:00:00'),(1035,'CONNECTWELL CTS 4U',200,200,0,1,1,'2018-08-25 00:00:00'),(1036,'CONNECTWELL CTS 2.5 UN',200,200,0,1,1,'2018-08-25 00:00:00'),(1037,'CONNECTWELL CTS 4UN R,Y,B',300,300,0,1,1,'2018-08-25 00:00:00'),(1038,'CONNECTWELL CTS 6U R,Y,B',300,300,0,1,1,'2018-08-25 00:00:00'),(1039,'CONNECTWELL EP 6U/10U PLATE',50,50,0,1,1,'2018-08-25 00:00:00'),(1040,'CONNECTWELL EP 2.5/4U PLATE',100,100,0,1,1,'2018-08-25 00:00:00'),(1041,'CONNECTWELL CA 702',100,100,0,1,1,'2018-08-25 00:00:00'),(1042,'FLUCON 100 MM CABLE TIE',5,5,0,1,1,'2018-08-25 00:00:00'),(1043,'FLUCON 200 MM CABLE TIE',3,3,0,1,1,'2018-08-25 00:00:00'),(1044,'FLUCON 300 MM CABLE TIE',2,2,0,1,1,'2018-08-25 00:00:00'),(1045,'POLYCAB 4X1 C FLEXIBLE CABLE',300,300,0,2,1,'2018-08-25 00:00:00'),(1046,'POLYCAB 0.75X1 C FLEXIBLE CABLE',600,600,0,2,1,'2018-08-25 00:00:00'),(1047,'VINAY 5 AMP S.S COMBINED BOX',5,5,0,1,1,'2018-08-25 00:00:00'),(1048,'ESPL17-18/358-06',1,1,0,1,1,'2018-08-25 00:00:00'),(1049,'CENTRIFUGAL PUMP SS316 500 LPH, HEAD 10, 1HP',1,1,0,1,1,'2018-08-25 00:00:00'),(1050,'GEAR BOX AS30F 1HP',2,2,0,1,1,'2018-08-25 00:00:00'),(1051,'BLACK PUSH BUTTON',16,16,0,1,1,'2018-08-25 00:00:00'),(1052,'EMERGENCY NAME PLATE SA-NS',20,20,0,1,1,'2018-08-25 00:00:00'),(1053,'CONTACT NO BLOCK',20,20,0,1,1,'2018-08-25 00:00:00'),(1054,'CONTACT NC BLOCK',20,20,0,1,1,'2018-08-25 00:00:00'),(1055,'PIPE SS316 DIA.38X1.6MM',6,6,0,2,1,'2018-08-25 00:00:00'),(1056,'SQUIRE TUBE SS304 75X75X2MM',115,115,0,2,1,'2018-08-25 00:00:00'),(1057,'GLASS TUBE OD 19X1300 L',4,4,0,1,1,'2018-08-25 00:00:00'),(1058,'GLASS TUBE OD 19X1550 L',2,2,0,1,1,'2018-08-25 00:00:00'),(1059,'GLASS TUBE OD 19X1530 L',1,1,0,1,1,'2018-08-25 00:00:00'),(1060,'GLASS TUBE OD 19X1525 L',2,2,0,1,1,'2018-08-25 00:00:00'),(1061,'GLASS TUBE OD 19X1500 L',1,1,0,1,1,'2018-08-25 00:00:00'),(1062,'PLATE HEAT EXCHANGER 1500 LPH',1,1,0,1,1,'2018-08-25 00:00:00'),(1063,'TEE SS316 76X63X1.6MM (ALFA)',8,8,0,1,1,'2018-08-25 00:00:00'),(1064,'PIPE ERW SS304 76X2MM',36,36,0,2,1,'2018-08-25 00:00:00'),(1065,'TESTING TUBE',7,2,6,1,1,'2018-08-25 00:00:00'),(1066,'stockjobitem',30,0,30,NULL,NULL,'2018-09-04 21:33:46'),(1067,'posave test',12,0,0,NULL,NULL,'2018-09-07 02:42:41'),(1068,'TUBE',0,0,0,4,1,'2018-10-20 17:49:34'),(1069,'KHAINI CHAP',17,0,17,1,1,'2018-11-27 00:46:01'),(1070,'NEW PRODUCT',0,0,0,3,1,'2018-11-27 00:14:49'),(1071,'NEW KHAINI',2,0,2,1,1,'2018-11-27 03:04:53');
/*!40000 ALTER TABLE `materials` ENABLE KEYS */;
UNLOCK TABLES;

--
-- Table structure for table `materialsmapping`
--

DROP TABLE IF EXISTS `materialsmapping`;
/*!40101 SET @saved_cs_client     = @@character_set_client */;
/*!40101 SET character_set_client = utf8 */;
CREATE TABLE `materialsmapping` (
  `materialsmappingid` int(11) NOT NULL AUTO_INCREMENT,
  `materialid` int(11) DEFAULT NULL,
  `quantity` int(11) DEFAULT NULL,
  `materialsource` varchar(45) DEFAULT NULL,
  `materialaddedby` int(11) DEFAULT NULL,
  `additiondate` datetime DEFAULT NULL,
  `unitprice` double DEFAULT NULL,
  PRIMARY KEY (`materialsmappingid`),
  KEY `fk_mat_map_material_idx` (`materialid`),
  KEY `fk_mat_map_user_idx` (`materialaddedby`),
  CONSTRAINT `fk_mat_map_material` FOREIGN KEY (`materialid`) REFERENCES `materials` (`materialid`) ON DELETE NO ACTION ON UPDATE NO ACTION,
  CONSTRAINT `fk_mat_map_user` FOREIGN KEY (`materialaddedby`) REFERENCES `users` (`userid`) ON DELETE NO ACTION ON UPDATE NO ACTION
) ENGINE=InnoDB AUTO_INCREMENT=39 DEFAULT CHARSET=latin1;
/*!40101 SET character_set_client = @saved_cs_client */;

--
-- Dumping data for table `materialsmapping`
--

LOCK TABLES `materialsmapping` WRITE;
/*!40000 ALTER TABLE `materialsmapping` DISABLE KEYS */;
INSERT INTO `materialsmapping` VALUES (1,NULL,6,'OLD MATERIALS',NULL,'2018-09-01 08:43:55',0),(2,NULL,6,'OLD MATERIALS',NULL,'2018-09-01 08:48:59',0),(3,NULL,6,'OLD MATERIALS',NULL,'2018-09-01 09:38:08',0),(4,2,6,'OLD MATERIALS',1,'2018-09-01 09:44:08',0),(5,1066,10,'OLD MATERIALS',1,'2018-09-01 13:38:10',0),(6,1067,0,'SUB JOB PO',1,'2018-09-01 18:47:30',0),(7,1067,0,'SUB JOB PO',1,'2018-09-01 18:55:24',0),(8,1067,0,'SUB JOB PO',1,'2018-09-01 19:02:00',0),(9,1066,10,'STOCK JOB',1,'2018-09-04 21:33:45',0),(10,1067,0,'SUB JOB PO',1,'2018-09-04 21:37:39',0),(11,1067,0,'NORMAL JOB PO',1,'2018-09-06 01:17:51',99),(12,1067,12,'SUB JOB PO',1,'2018-09-06 01:59:59',99),(13,1067,5,'NORMAL JOB  ASSIGNMENT',1,'2018-09-07 02:21:14',0),(14,1067,5,'NORMAL JOB  ASSIGNMENT',1,'2018-09-07 02:31:26',0),(15,1067,5,'NORMAL JOB  ASSIGNMENT',1,'2018-09-07 02:42:41',0),(16,1068,0,'SUB JOB',1,'2018-10-20 17:49:34',0),(17,1069,0,'SUB JOB',1,'2018-11-09 22:48:58',0),(18,1069,0,'STOCK JOB',1,'2018-11-09 22:54:17',0),(19,1069,0,'STOCK JOB',1,'2018-11-09 23:05:14',0),(20,1069,0,'STOCK JOB',1,'2018-11-09 23:08:14',0),(21,1069,0,'STOCK JOB',1,'2018-11-09 23:15:49',0),(22,1069,0,'STOCK JOB',1,'2018-11-09 23:25:35',0),(23,1069,0,'STOCK JOB',1,'2018-11-09 23:32:34',0),(24,1069,0,'STOCK JOB',1,'2018-11-09 23:37:29',0),(25,1069,0,'STOCK JOB',1,'2018-11-09 23:50:14',0),(26,1069,0,'STOCK JOB',1,'2018-11-09 23:51:13',0),(27,1069,0,'STOCK JOB',1,'2018-11-09 23:53:21',0),(28,1069,0,'STOCK JOB',1,'2018-11-09 23:57:23',0),(29,1069,0,'STOCK JOB',1,'2018-11-10 00:02:15',0),(30,1069,0,'STOCK JOB',1,'2018-11-10 00:14:57',0),(31,1069,0,'STOCK JOB',1,'2018-11-10 00:18:10',0),(32,1069,3,'NORMAL JOB PO',1,'2018-11-10 00:48:37',34),(33,1070,0,'SUB JOB',1,'2018-11-27 00:14:49',0),(34,1069,0,'STOCK JOB',1,'2018-11-27 00:17:29',0),(35,1069,5,'NORMAL JOB PO',1,'2018-11-27 00:21:02',23),(36,1069,4,'SUB JOB PO',1,'2018-11-27 00:42:12',23),(37,1069,5,'SUB JOB PO',1,'2018-11-27 00:46:01',22),(38,1071,1,'OLD MATERIAL',1,'2018-11-27 03:04:51',0);
/*!40000 ALTER TABLE `materialsmapping` ENABLE KEYS */;
UNLOCK TABLES;

--
-- Table structure for table `purchaseorder`
--

DROP TABLE IF EXISTS `purchaseorder`;
/*!40101 SET @saved_cs_client     = @@character_set_client */;
/*!40101 SET character_set_client = utf8 */;
CREATE TABLE `purchaseorder` (
  `poid` varchar(200) CHARACTER SET utf8 NOT NULL DEFAULT '',
  `materialmappingid` int(11) NOT NULL,
  `jobid` varchar(100) CHARACTER SET utf8 DEFAULT NULL,
  `requiredqty` int(11) DEFAULT NULL,
  `purchasedqty` int(11) DEFAULT NULL,
  `dateofpurchase` datetime DEFAULT NULL,
  `poautoid` int(11) NOT NULL AUTO_INCREMENT,
  `modifiedby` int(11) DEFAULT NULL,
  `modificationdate` datetime DEFAULT NULL,
  PRIMARY KEY (`poautoid`),
  KEY `fk_po_modify` (`modifiedby`),
  KEY `fk_po_mat` (`materialmappingid`),
  CONSTRAINT `fk_po_mat` FOREIGN KEY (`materialmappingid`) REFERENCES `materialsmapping` (`materialsmappingid`) ON DELETE CASCADE ON UPDATE CASCADE,
  CONSTRAINT `fk_po_modify` FOREIGN KEY (`modifiedby`) REFERENCES `users` (`userid`) ON DELETE NO ACTION ON UPDATE NO ACTION
) ENGINE=InnoDB AUTO_INCREMENT=9 DEFAULT CHARSET=latin1;
/*!40101 SET character_set_client = @saved_cs_client */;

--
-- Dumping data for table `purchaseorder`
--

LOCK TABLES `purchaseorder` WRITE;
/*!40000 ALTER TABLE `purchaseorder` DISABLE KEYS */;
INSERT INTO `purchaseorder` VALUES ('PO-1',8,'SJ-11',12,12,'2018-09-01 09:44:08',1,1,'2018-09-01 19:02:00'),('PO-2',10,'SJ-11',12,12,'2018-09-01 09:44:08',2,1,'2018-09-04 21:37:39'),('PO-12',11,'J201',12,12,'2018-09-01 09:44:08',3,1,'2018-09-06 01:17:57'),('PO-13',12,'SJ-TF/09',12,12,'2018-09-01 09:44:08',4,1,'2018-09-06 02:00:01'),('PO-1011',32,'J202',3,3,'2018-11-10 00:00:00',5,1,'2018-11-10 00:48:37'),('PO1234',35,'J1001',4,5,'2018-11-21 00:00:00',6,1,'2018-11-27 00:21:02'),('PO1278',36,'SJ-TF/10',3,4,'2018-11-22 00:00:00',7,1,'2018-11-27 00:42:12'),('PO67',37,'SJ100',4,5,'2018-11-23 00:00:00',8,1,'2018-11-27 00:46:01');
/*!40000 ALTER TABLE `purchaseorder` ENABLE KEYS */;
UNLOCK TABLES;

--
-- Table structure for table `substockjobs`
--

DROP TABLE IF EXISTS `substockjobs`;
/*!40101 SET @saved_cs_client     = @@character_set_client */;
/*!40101 SET character_set_client = utf8 */;
CREATE TABLE `substockjobs` (
  `substockjobautoid` int(11) NOT NULL AUTO_INCREMENT,
  `jobid` varchar(45) DEFAULT NULL,
  `jobtype` int(11) DEFAULT NULL,
  `materialmappingid` int(11) DEFAULT NULL,
  `modifiedby` int(11) DEFAULT NULL,
  `modifidationdate` datetime DEFAULT NULL,
  PRIMARY KEY (`substockjobautoid`),
  KEY `sub_stock_matmap_idx` (`materialmappingid`),
  KEY `sub_stock_modifiedby_idx` (`modifiedby`),
  CONSTRAINT `sub_stock_matmap` FOREIGN KEY (`materialmappingid`) REFERENCES `materialsmapping` (`materialsmappingid`) ON DELETE CASCADE ON UPDATE CASCADE,
  CONSTRAINT `sub_stock_modifiedby` FOREIGN KEY (`modifiedby`) REFERENCES `users` (`userid`) ON DELETE NO ACTION ON UPDATE NO ACTION
) ENGINE=InnoDB AUTO_INCREMENT=21 DEFAULT CHARSET=latin1;
/*!40101 SET character_set_client = @saved_cs_client */;

--
-- Dumping data for table `substockjobs`
--

LOCK TABLES `substockjobs` WRITE;
/*!40000 ALTER TABLE `substockjobs` DISABLE KEYS */;
INSERT INTO `substockjobs` VALUES (1,'SJ-TF/09',2,5,1,'2018-09-01 13:38:11'),(2,'SJ-TF/09',2,9,1,'2018-09-04 21:33:46'),(3,'SJ99',3,16,1,'2018-10-20 17:49:34'),(4,'SJ100',3,17,1,'2018-11-09 22:48:58'),(5,'SJ-TF/10',2,18,1,'2018-11-09 22:54:18'),(6,'SJ-TF/11',2,19,1,'2018-11-09 23:05:14'),(7,'SJ-TF/12',2,20,1,'2018-11-09 23:08:14'),(8,'SJ-TF/13',2,21,1,'2018-11-09 23:15:49'),(9,'SJ-TF/14',2,22,1,'2018-11-09 23:25:35'),(10,'SJ-TF/15',2,23,1,'2018-11-09 23:32:34'),(11,'SJ-TF/16',2,24,1,'2018-11-09 23:37:29'),(12,'SJ-TF/17',2,25,1,'2018-11-09 23:50:14'),(13,'SJ-TF/18',2,26,1,'2018-11-09 23:51:13'),(14,'SJ-TF/19',2,27,1,'2018-11-09 23:53:21'),(15,'SJ-TF/20',2,28,1,'2018-11-09 23:57:23'),(16,'SJ-TF/20',2,29,1,'2018-11-10 00:02:44'),(17,'SJ-TF/21',2,30,1,'2018-11-10 00:14:58'),(18,'SJ-TF/22',2,31,1,'2018-11-10 00:18:11'),(19,'SJ101',3,33,1,'2018-11-27 00:14:49'),(20,'SJ-TF/20',2,34,1,'2018-11-27 00:17:29');
/*!40000 ALTER TABLE `substockjobs` ENABLE KEYS */;
UNLOCK TABLES;

--
-- Table structure for table `uerroles`
--

DROP TABLE IF EXISTS `uerroles`;
/*!40101 SET @saved_cs_client     = @@character_set_client */;
/*!40101 SET character_set_client = utf8 */;
CREATE TABLE `uerroles` (
  `roleid` int(11) NOT NULL AUTO_INCREMENT,
  `rolevalue` varchar(45) NOT NULL,
  PRIMARY KEY (`roleid`)
) ENGINE=InnoDB AUTO_INCREMENT=8 DEFAULT CHARSET=latin1;
/*!40101 SET character_set_client = @saved_cs_client */;

--
-- Dumping data for table `uerroles`
--

LOCK TABLES `uerroles` WRITE;
/*!40000 ALTER TABLE `uerroles` DISABLE KEYS */;
INSERT INTO `uerroles` VALUES (1,'Create a new job'),(2,'Edit a Job'),(3,'Change status of a job'),(4,'Create a new purchase order'),(5,'Edit a purchase order'),(6,'Add old material'),(7,'Modify material name');
/*!40000 ALTER TABLE `uerroles` ENABLE KEYS */;
UNLOCK TABLES;

--
-- Table structure for table `units`
--

DROP TABLE IF EXISTS `units`;
/*!40101 SET @saved_cs_client     = @@character_set_client */;
/*!40101 SET character_set_client = utf8 */;
CREATE TABLE `units` (
  `unitid` int(11) NOT NULL,
  `unitvalue` varchar(45) NOT NULL,
  PRIMARY KEY (`unitid`)
) ENGINE=InnoDB DEFAULT CHARSET=latin1;
/*!40101 SET character_set_client = @saved_cs_client */;

--
-- Dumping data for table `units`
--

LOCK TABLES `units` WRITE;
/*!40000 ALTER TABLE `units` DISABLE KEYS */;
INSERT INTO `units` VALUES (1,'nos'),(2,'mtrs'),(3,'kgs'),(4,'MM'),(5,'liters');
/*!40000 ALTER TABLE `units` ENABLE KEYS */;
UNLOCK TABLES;

--
-- Table structure for table `usermappingtable`
--

DROP TABLE IF EXISTS `usermappingtable`;
/*!40101 SET @saved_cs_client     = @@character_set_client */;
/*!40101 SET character_set_client = utf8 */;
CREATE TABLE `usermappingtable` (
  `usermapid` int(11) NOT NULL AUTO_INCREMENT,
  `userid` int(11) NOT NULL,
  `userrole` int(11) NOT NULL,
  `createddate` datetime NOT NULL DEFAULT CURRENT_TIMESTAMP,
  `createdby` int(11) NOT NULL,
  PRIMARY KEY (`usermapid`),
  KEY `fk_userid_idx` (`userid`),
  KEY `fk_rolesmapping_idx` (`userrole`),
  KEY `fk_approver_idx` (`createdby`),
  CONSTRAINT `fk_approver` FOREIGN KEY (`createdby`) REFERENCES `users` (`userid`) ON DELETE NO ACTION ON UPDATE NO ACTION,
  CONSTRAINT `fk_rolesmapping` FOREIGN KEY (`userrole`) REFERENCES `uerroles` (`roleid`) ON DELETE NO ACTION ON UPDATE NO ACTION,
  CONSTRAINT `fk_userid` FOREIGN KEY (`userid`) REFERENCES `users` (`userid`) ON DELETE NO ACTION ON UPDATE NO ACTION
) ENGINE=InnoDB AUTO_INCREMENT=11 DEFAULT CHARSET=latin1;
/*!40101 SET character_set_client = @saved_cs_client */;

--
-- Dumping data for table `usermappingtable`
--

LOCK TABLES `usermappingtable` WRITE;
/*!40000 ALTER TABLE `usermappingtable` DISABLE KEYS */;
INSERT INTO `usermappingtable` VALUES (1,1,1,'2018-10-06 08:44:04',1),(2,1,2,'2018-10-06 08:44:55',1),(3,1,3,'2018-10-06 08:44:55',1),(4,1,4,'2018-10-06 08:44:55',1),(5,1,5,'2018-10-06 08:44:55',1),(6,1,6,'2018-10-06 08:44:55',1),(7,1,7,'2018-10-06 08:44:55',1),(8,2,1,'2018-11-05 07:20:38',1),(9,3,1,'2018-11-05 08:49:06',1),(10,3,2,'2018-11-05 08:49:06',1);
/*!40000 ALTER TABLE `usermappingtable` ENABLE KEYS */;
UNLOCK TABLES;

--
-- Table structure for table `users`
--

DROP TABLE IF EXISTS `users`;
/*!40101 SET @saved_cs_client     = @@character_set_client */;
/*!40101 SET character_set_client = utf8 */;
CREATE TABLE `users` (
  `userid` int(11) NOT NULL AUTO_INCREMENT,
  `username` varchar(45) NOT NULL,
  `userpassword` varchar(45) NOT NULL,
  PRIMARY KEY (`userid`)
) ENGINE=InnoDB AUTO_INCREMENT=4 DEFAULT CHARSET=latin1;
/*!40101 SET character_set_client = @saved_cs_client */;

--
-- Dumping data for table `users`
--

LOCK TABLES `users` WRITE;
/*!40000 ALTER TABLE `users` DISABLE KEYS */;
INSERT INTO `users` VALUES (1,'admin','admin'),(2,'support','support'),(3,'jai','jai');
/*!40000 ALTER TABLE `users` ENABLE KEYS */;
UNLOCK TABLES;
/*!40103 SET TIME_ZONE=@OLD_TIME_ZONE */;

/*!40101 SET SQL_MODE=@OLD_SQL_MODE */;
/*!40014 SET FOREIGN_KEY_CHECKS=@OLD_FOREIGN_KEY_CHECKS */;
/*!40014 SET UNIQUE_CHECKS=@OLD_UNIQUE_CHECKS */;
/*!40101 SET CHARACTER_SET_CLIENT=@OLD_CHARACTER_SET_CLIENT */;
/*!40101 SET CHARACTER_SET_RESULTS=@OLD_CHARACTER_SET_RESULTS */;
/*!40101 SET COLLATION_CONNECTION=@OLD_COLLATION_CONNECTION */;
/*!40111 SET SQL_NOTES=@OLD_SQL_NOTES */;

-- Dump completed on 2018-12-06  7:24:19
